User ID,Article_ID,Type,Action,Timestamp
45,306,Education,like,07-03-2024 20:34
48,708,Travel,bookmark,08-03-2024 11:27
65,200,Technology,like,13-03-2024 16:55
68,600,Nature,like,20-03-2024 03:47
68,204,Technology,bookmark,19-03-2024 15:42
10,200,Technology,view,24-03-2024 21:40
84,409,Movies,bookmark,18-03-2024 13:26
22,411,Movies,like,29-03-2024 02:04
37,108,Health,comment,13-03-2024 16:44
88,305,Education,share,16-03-2024 01:35
71,502,Politics,view,15-03-2024 18:21
89,502,Politics,view,02-03-2024 09:17
89,101,Health,bookmark,09-03-2024 14:20
13,611,Nature,comment,26-03-2024 07:23
59,608,Nature,like,06-03-2024 06:33
66,100,Health,comment,11-03-2024 02:49
40,607,Nature,bookmark,07-03-2024 10:41
88,406,Movies,view,14-03-2024 04:28
47,102,Health,like,07-03-2024 19:13
89,110,Health,bookmark,15-03-2024 05:48
82,601,Nature,share,19-03-2024 02:44
38,810,Sports,share,27-03-2024 17:03
26,402,Movies,share,02-03-2024 01:26
78,402,Movies,view,19-03-2024 06:58
73,407,Movies,view,10-03-2024 13:23
10,801,Sports,comment,10-03-2024 03:45
21,506,Politics,comment,14-03-2024 17:10
81,800,Sports,share,26-03-2024 16:06
70,106,Health,bookmark,26-03-2024 14:00
80,504,Politics,share,12-03-2024 15:33
48,601,Nature,like,25-03-2024 05:31
65,306,Education,like,16-03-2024 08:37
83,902,Business,share,17-03-2024 03:48
89,605,Nature,bookmark,08-03-2024 04:39
50,905,Business,comment,07-03-2024 18:36
30,204,Technology,share,16-03-2024 11:07
20,709,Travel,bookmark,30-03-2024 14:13
20,910,Business,bookmark,04-03-2024 07:19
15,105,Health,like,18-03-2024 08:09
40,700,Travel,comment,09-03-2024 16:12
33,700,Travel,bookmark,25-03-2024 09:40
66,707,Travel,share,06-03-2024 19:36
10,201,Technology,bookmark,15-03-2024 19:19
58,600,Nature,share,24-03-2024 07:35
33,704,Travel,bookmark,08-03-2024 03:16
32,504,Politics,like,06-03-2024 10:16
75,802,Sports,comment,27-03-2024 06:11
24,204,Technology,bookmark,19-03-2024 03:24
36,904,Business,bookmark,18-03-2024 18:20
76,507,Politics,like,16-03-2024 09:06
56,107,Health,bookmark,03-03-2024 19:07
29,909,Business,view,04-03-2024 19:19
35,602,Nature,view,14-03-2024 07:14
1,709,Travel,share,06-03-2024 19:46
1,606,Nature,bookmark,24-03-2024 08:02
37,603,Nature,share,18-03-2024 10:42
54,410,Movies,bookmark,14-03-2024 00:38
6,103,Health,like,06-03-2024 11:55
39,501,Politics,comment,28-03-2024 10:00
18,110,Health,comment,18-03-2024 08:38
80,409,Movies,share,16-03-2024 14:24
5,411,Movies,view,03-03-2024 08:54
43,506,Politics,bookmark,13-03-2024 16:50
59,607,Nature,comment,20-03-2024 10:54
32,205,Technology,share,25-03-2024 16:40
2,806,Sports,bookmark,10-03-2024 12:53
66,711,Travel,like,15-03-2024 17:48
42,701,Travel,share,05-03-2024 18:39
58,904,Business,view,27-03-2024 01:05
36,300,Education,bookmark,28-03-2024 13:21
12,311,Education,bookmark,13-03-2024 03:14
47,911,Business,comment,19-03-2024 13:56
83,407,Movies,comment,24-03-2024 15:42
92,301,Education,share,16-03-2024 16:42
1,504,Politics,view,05-03-2024 22:00
15,502,Politics,comment,11-03-2024 08:40
54,508,Politics,bookmark,14-03-2024 10:56
13,810,Sports,share,25-03-2024 18:54
43,909,Business,share,02-03-2024 09:06
85,611,Nature,view,04-03-2024 13:02
76,208,Technology,comment,23-03-2024 15:16
69,906,Business,comment,30-03-2024 18:46
7,100,Health,view,19-03-2024 17:31
69,303,Education,bookmark,28-03-2024 21:32
48,301,Education,share,30-03-2024 17:28
4,606,Nature,view,28-03-2024 11:09
77,208,Technology,like,04-03-2024 16:51
53,811,Sports,view,10-03-2024 19:03
79,803,Sports,share,01-03-2024 16:09
16,509,Politics,bookmark,11-03-2024 08:14
21,709,Travel,like,26-03-2024 05:47
59,704,Travel,like,28-03-2024 20:33
24,202,Technology,like,21-03-2024 06:07
80,100,Health,share,13-03-2024 10:08
14,806,Sports,view,20-03-2024 01:28
86,310,Education,comment,19-03-2024 06:16
49,908,Business,share,29-03-2024 14:05
50,301,Education,share,02-03-2024 04:38
70,311,Education,share,29-03-2024 11:46
42,806,Sports,comment,11-03-2024 20:43
36,702,Travel,share,29-03-2024 07:28
65,205,Technology,comment,23-03-2024 10:05
96,709,Travel,like,21-03-2024 14:02
70,409,Movies,view,21-03-2024 06:10
95,511,Politics,share,13-03-2024 18:56
1,301,Education,comment,05-03-2024 03:44
51,700,Travel,like,29-03-2024 15:03
37,306,Education,bookmark,29-03-2024 16:15
35,407,Movies,view,28-03-2024 19:07
49,610,Nature,bookmark,11-03-2024 03:36
94,306,Education,view,17-03-2024 17:12
4,710,Travel,share,30-03-2024 12:37
99,200,Technology,comment,17-03-2024 10:09
43,203,Technology,view,15-03-2024 15:07
78,401,Movies,share,07-03-2024 22:42
22,404,Movies,like,19-03-2024 16:52
74,409,Movies,share,25-03-2024 06:42
1,606,Nature,bookmark,18-03-2024 12:56
11,910,Business,view,30-03-2024 22:30
44,605,Nature,comment,12-03-2024 06:10
59,904,Business,bookmark,18-03-2024 21:01
24,600,Nature,like,08-03-2024 21:54
60,401,Movies,share,14-03-2024 07:42
3,708,Travel,view,22-03-2024 00:14
99,703,Travel,like,10-03-2024 18:10
63,505,Politics,comment,12-03-2024 08:56
36,911,Business,bookmark,13-03-2024 18:58
95,309,Education,view,27-03-2024 05:50
68,402,Movies,like,29-03-2024 19:02
83,201,Technology,comment,26-03-2024 04:43
47,910,Business,share,20-03-2024 20:57
21,710,Travel,comment,22-03-2024 21:34
82,411,Movies,bookmark,14-03-2024 15:30
51,302,Education,like,26-03-2024 10:12
28,510,Politics,comment,01-03-2024 20:19
15,802,Sports,view,03-03-2024 12:30
42,504,Politics,bookmark,24-03-2024 01:06
59,205,Technology,view,14-03-2024 17:53
66,407,Movies,comment,18-03-2024 07:51
37,510,Politics,comment,19-03-2024 18:28
11,311,Education,bookmark,14-03-2024 22:44
87,111,Health,bookmark,11-03-2024 03:02
44,302,Education,share,12-03-2024 08:50
12,708,Travel,comment,30-03-2024 19:55
3,201,Technology,comment,21-03-2024 00:47
52,200,Technology,view,29-03-2024 00:46
81,207,Technology,share,07-03-2024 10:12
33,106,Health,view,16-03-2024 14:45
55,609,Nature,comment,14-03-2024 14:06
1,905,Business,view,20-03-2024 14:00
39,708,Travel,like,12-03-2024 15:36
20,204,Technology,bookmark,17-03-2024 13:43
47,609,Nature,view,27-03-2024 09:33
43,105,Health,view,15-03-2024 06:35
57,709,Travel,comment,05-03-2024 22:26
61,201,Technology,share,28-03-2024 11:31
78,401,Movies,view,04-03-2024 03:13
31,710,Travel,like,15-03-2024 22:43
25,107,Health,comment,19-03-2024 10:58
3,711,Travel,share,07-03-2024 00:32
4,509,Politics,view,02-03-2024 08:53
95,303,Education,bookmark,02-03-2024 15:14
99,706,Travel,bookmark,30-03-2024 18:03
14,301,Education,bookmark,22-03-2024 03:24
41,808,Sports,comment,11-03-2024 04:07
73,911,Business,bookmark,15-03-2024 02:43
20,502,Politics,share,08-03-2024 14:40
96,910,Business,comment,05-03-2024 19:10
73,111,Health,like,26-03-2024 05:03
27,400,Movies,like,24-03-2024 17:30
67,607,Nature,bookmark,23-03-2024 14:03
53,804,Sports,comment,29-03-2024 08:08
68,902,Business,bookmark,11-03-2024 21:46
62,601,Nature,bookmark,07-03-2024 14:20
15,807,Sports,like,07-03-2024 16:49
97,205,Technology,like,19-03-2024 12:19
5,107,Health,comment,03-03-2024 06:11
68,904,Business,bookmark,19-03-2024 18:41
12,602,Nature,comment,16-03-2024 11:46
87,108,Health,share,06-03-2024 16:50
78,711,Travel,share,18-03-2024 08:43
76,603,Nature,view,25-03-2024 13:51
57,910,Business,like,25-03-2024 15:47
17,110,Health,comment,20-03-2024 18:38
25,802,Sports,bookmark,28-03-2024 16:20
30,907,Business,view,23-03-2024 08:37
22,700,Travel,share,09-03-2024 16:44
26,602,Nature,bookmark,23-03-2024 08:55
81,708,Travel,view,17-03-2024 10:46
61,500,Politics,view,30-03-2024 09:04
62,410,Movies,share,05-03-2024 00:07
84,501,Politics,bookmark,13-03-2024 14:22
34,902,Business,bookmark,07-03-2024 20:43
33,909,Business,view,30-03-2024 17:04
71,907,Business,like,14-03-2024 09:52
86,406,Movies,like,03-03-2024 17:03
32,407,Movies,like,13-03-2024 15:31
14,802,Sports,view,09-03-2024 14:28
72,811,Sports,like,13-03-2024 13:52
57,904,Business,share,02-03-2024 13:27
25,410,Movies,view,30-03-2024 07:26
80,102,Health,like,03-03-2024 10:04
42,604,Nature,comment,30-03-2024 19:02
19,307,Education,bookmark,29-03-2024 10:20
41,407,Movies,view,05-03-2024 14:06
55,401,Movies,bookmark,30-03-2024 02:54
80,505,Politics,bookmark,04-03-2024 20:54
12,402,Movies,like,16-03-2024 09:05
39,203,Technology,comment,14-03-2024 13:01
94,504,Politics,like,26-03-2024 06:13
2,709,Travel,comment,27-03-2024 08:08
96,407,Movies,comment,05-03-2024 07:23
45,511,Politics,bookmark,12-03-2024 04:49
89,110,Health,bookmark,03-03-2024 16:46
25,100,Health,comment,14-03-2024 00:29
68,104,Health,comment,10-03-2024 11:25
83,605,Nature,comment,16-03-2024 09:03
4,310,Education,bookmark,12-03-2024 07:30
77,107,Health,share,18-03-2024 10:16
36,200,Technology,share,03-03-2024 02:51
87,806,Sports,view,21-03-2024 09:11
62,810,Sports,share,21-03-2024 20:04
70,111,Health,like,05-03-2024 22:38
88,508,Politics,bookmark,22-03-2024 08:06
44,602,Nature,share,28-03-2024 01:49
33,604,Nature,comment,06-03-2024 19:49
12,200,Technology,comment,04-03-2024 05:34
85,305,Education,like,01-03-2024 14:11
11,502,Politics,view,13-03-2024 05:06
55,803,Sports,comment,16-03-2024 18:07
38,610,Nature,share,11-03-2024 07:56
29,704,Travel,comment,07-03-2024 14:11
3,900,Business,view,04-03-2024 01:44
28,102,Health,like,19-03-2024 15:38
84,701,Travel,view,13-03-2024 02:54
90,609,Nature,view,26-03-2024 00:27
24,602,Nature,bookmark,27-03-2024 07:42
54,411,Movies,comment,04-03-2024 16:50
52,403,Movies,comment,08-03-2024 15:31
47,905,Business,share,21-03-2024 09:48
21,601,Nature,view,05-03-2024 02:32
54,910,Business,like,12-03-2024 05:10
30,807,Sports,comment,26-03-2024 03:00
68,200,Technology,comment,10-03-2024 04:56
36,506,Politics,like,25-03-2024 04:33
40,111,Health,bookmark,01-03-2024 11:29
10,403,Movies,share,03-03-2024 16:35
74,510,Politics,comment,02-03-2024 00:12
42,200,Technology,comment,13-03-2024 03:35
24,506,Politics,share,26-03-2024 22:53
4,902,Business,share,06-03-2024 07:32
47,202,Technology,comment,05-03-2024 22:18
91,200,Technology,share,28-03-2024 13:06
51,206,Technology,share,27-03-2024 07:29
4,504,Politics,like,04-03-2024 22:44
32,609,Nature,share,17-03-2024 02:33
10,406,Movies,like,05-03-2024 14:47
11,102,Health,view,27-03-2024 15:51
28,107,Health,share,22-03-2024 08:51
46,801,Sports,like,09-03-2024 19:34
72,509,Politics,view,26-03-2024 06:27
40,911,Business,share,19-03-2024 14:37
62,103,Health,share,11-03-2024 03:33
86,510,Politics,bookmark,07-03-2024 21:56
98,701,Travel,comment,15-03-2024 10:55
45,403,Movies,bookmark,15-03-2024 18:54
35,304,Education,share,03-03-2024 07:16
35,510,Politics,bookmark,04-03-2024 17:29
89,509,Politics,bookmark,09-03-2024 05:55
34,608,Nature,share,30-03-2024 01:45
6,406,Movies,comment,16-03-2024 05:54
37,603,Nature,view,28-03-2024 21:07
1,407,Movies,share,11-03-2024 21:19
76,109,Health,share,20-03-2024 03:49
35,810,Sports,like,13-03-2024 15:06
70,500,Politics,view,07-03-2024 14:02
54,610,Nature,share,22-03-2024 03:51
81,411,Movies,comment,28-03-2024 19:33
63,707,Travel,view,08-03-2024 09:55
9,103,Health,like,22-03-2024 00:16
62,300,Education,view,22-03-2024 07:25
2,800,Sports,like,20-03-2024 18:57
82,802,Sports,share,10-03-2024 08:39
36,102,Health,share,13-03-2024 18:10
92,700,Travel,view,14-03-2024 12:32
41,903,Business,comment,07-03-2024 02:40
37,406,Movies,bookmark,30-03-2024 14:27
49,706,Travel,view,22-03-2024 20:44
26,510,Politics,bookmark,28-03-2024 00:40
68,305,Education,share,11-03-2024 20:05
36,510,Politics,comment,11-03-2024 22:54
31,300,Education,view,22-03-2024 04:50
30,205,Technology,bookmark,16-03-2024 20:56
34,608,Nature,view,06-03-2024 18:18
19,509,Politics,view,29-03-2024 02:49
18,106,Health,comment,16-03-2024 19:35
94,201,Technology,bookmark,23-03-2024 16:49
85,400,Movies,share,15-03-2024 14:08
3,401,Movies,share,06-03-2024 04:43
70,411,Movies,share,06-03-2024 05:46
13,204,Technology,like,05-03-2024 09:14
45,810,Sports,like,17-03-2024 21:26
67,704,Travel,comment,26-03-2024 09:48
92,606,Nature,bookmark,21-03-2024 00:13
86,104,Health,bookmark,04-03-2024 02:10
40,407,Movies,like,14-03-2024 16:02
40,100,Health,like,07-03-2024 16:31
76,903,Business,like,29-03-2024 21:56
23,705,Travel,comment,21-03-2024 06:17
31,803,Sports,view,28-03-2024 19:20
18,308,Education,view,28-03-2024 18:50
71,203,Technology,view,06-03-2024 19:49
72,911,Business,bookmark,02-03-2024 15:16
19,411,Movies,view,14-03-2024 08:42
93,601,Nature,comment,06-03-2024 19:04
44,310,Education,like,07-03-2024 06:51
84,703,Travel,bookmark,18-03-2024 11:25
50,305,Education,view,01-03-2024 10:53
42,405,Movies,like,02-03-2024 00:00
94,201,Technology,bookmark,16-03-2024 00:34
47,609,Nature,share,08-03-2024 01:49
22,909,Business,comment,02-03-2024 03:42
74,402,Movies,comment,28-03-2024 20:19
90,304,Education,comment,20-03-2024 09:05
97,808,Sports,comment,16-03-2024 02:31
92,905,Business,comment,12-03-2024 17:17
74,603,Nature,view,05-03-2024 15:57
29,806,Sports,view,02-03-2024 00:03
82,108,Health,share,25-03-2024 02:06
59,611,Nature,bookmark,01-03-2024 02:14
1,603,Nature,view,23-03-2024 02:44
87,909,Business,comment,25-03-2024 17:04
64,804,Sports,like,01-03-2024 03:55
17,801,Sports,like,28-03-2024 05:23
37,405,Movies,bookmark,04-03-2024 07:06
95,909,Business,share,10-03-2024 16:56
25,608,Nature,share,20-03-2024 19:20
64,803,Sports,view,10-03-2024 01:30
68,609,Nature,share,21-03-2024 07:27
52,710,Travel,share,01-03-2024 21:45
9,611,Nature,comment,05-03-2024 01:39
57,402,Movies,like,04-03-2024 10:20
92,409,Movies,view,12-03-2024 21:16
94,206,Technology,share,27-03-2024 10:00
88,407,Movies,share,30-03-2024 08:40
33,805,Sports,like,14-03-2024 20:04
20,301,Education,bookmark,04-03-2024 02:02
73,805,Sports,view,06-03-2024 18:53
72,103,Health,share,10-03-2024 09:48
88,801,Sports,view,11-03-2024 03:27
14,108,Health,view,08-03-2024 01:57
59,207,Technology,bookmark,21-03-2024 07:26
82,806,Sports,share,27-03-2024 22:07
56,105,Health,view,16-03-2024 02:46
65,606,Nature,share,16-03-2024 14:12
76,603,Nature,share,20-03-2024 19:44
93,408,Movies,comment,13-03-2024 22:02
37,411,Movies,bookmark,15-03-2024 04:14
26,411,Movies,view,22-03-2024 21:58
33,406,Movies,view,17-03-2024 18:32
43,502,Politics,share,18-03-2024 17:10
15,601,Nature,view,10-03-2024 04:44
87,909,Business,comment,02-03-2024 01:15
29,905,Business,comment,03-03-2024 08:16
21,903,Business,like,14-03-2024 21:11
83,106,Health,view,26-03-2024 17:50
69,401,Movies,view,16-03-2024 06:37
23,808,Sports,bookmark,11-03-2024 09:02
84,407,Movies,share,25-03-2024 06:20
8,707,Travel,bookmark,21-03-2024 06:05
73,709,Travel,comment,18-03-2024 05:53
62,707,Travel,view,17-03-2024 12:22
14,905,Business,view,21-03-2024 18:15
6,703,Travel,bookmark,08-03-2024 04:39
1,802,Sports,bookmark,18-03-2024 16:31
9,808,Sports,like,27-03-2024 11:38
80,303,Education,like,02-03-2024 18:29
80,208,Technology,like,15-03-2024 11:48
54,200,Technology,bookmark,24-03-2024 06:51
12,105,Health,share,04-03-2024 17:17
5,205,Technology,bookmark,05-03-2024 18:17
40,103,Health,comment,03-03-2024 03:29
93,900,Business,view,18-03-2024 17:19
46,909,Business,share,15-03-2024 18:39
27,506,Politics,view,11-03-2024 08:40
75,111,Health,share,25-03-2024 02:46
53,207,Technology,share,28-03-2024 21:46
50,306,Education,comment,06-03-2024 04:36
92,404,Movies,comment,29-03-2024 07:54
52,511,Politics,comment,22-03-2024 04:46
19,600,Nature,view,13-03-2024 13:03
35,108,Health,comment,14-03-2024 08:35
52,706,Travel,share,10-03-2024 07:56
31,508,Politics,view,19-03-2024 10:17
54,107,Health,share,28-03-2024 03:26
59,606,Nature,like,12-03-2024 10:11
44,410,Movies,view,26-03-2024 19:51
56,104,Health,share,22-03-2024 03:36
19,301,Education,share,21-03-2024 21:58
46,801,Sports,view,10-03-2024 17:44
88,102,Health,like,08-03-2024 13:29
66,808,Sports,view,18-03-2024 13:01
71,900,Business,comment,23-03-2024 21:11
54,705,Travel,comment,21-03-2024 09:11
49,507,Politics,comment,08-03-2024 15:37
95,500,Politics,bookmark,28-03-2024 21:25
60,710,Travel,like,25-03-2024 06:09
81,506,Politics,view,10-03-2024 01:12
27,500,Politics,bookmark,02-03-2024 07:45
36,308,Education,like,05-03-2024 03:43
59,808,Sports,share,04-03-2024 09:35
50,704,Travel,view,07-03-2024 15:54
74,509,Politics,comment,24-03-2024 17:38
45,904,Business,like,26-03-2024 06:17
14,603,Nature,share,08-03-2024 21:11
71,510,Politics,like,26-03-2024 08:07
39,302,Education,share,13-03-2024 13:10
40,809,Sports,like,10-03-2024 12:26
9,602,Nature,comment,11-03-2024 04:37
14,204,Technology,bookmark,01-03-2024 05:57
8,501,Politics,share,26-03-2024 09:26
81,909,Business,view,12-03-2024 06:24
23,305,Education,view,05-03-2024 10:30
80,902,Business,like,26-03-2024 21:47
90,511,Politics,bookmark,01-03-2024 02:14
9,701,Travel,share,12-03-2024 01:01
7,306,Education,bookmark,09-03-2024 07:56
82,300,Education,like,23-03-2024 08:21
72,106,Health,share,02-03-2024 04:17
85,702,Travel,view,04-03-2024 12:50
90,402,Movies,view,24-03-2024 16:25
67,109,Health,share,28-03-2024 15:24
61,701,Travel,share,02-03-2024 19:52
17,504,Politics,share,11-03-2024 09:45
57,305,Education,view,10-03-2024 01:10
24,303,Education,share,10-03-2024 10:29
25,303,Education,share,19-03-2024 12:00
5,910,Business,bookmark,28-03-2024 02:05
50,304,Education,like,17-03-2024 14:10
88,810,Sports,bookmark,05-03-2024 06:44
31,403,Movies,like,24-03-2024 21:04
55,406,Movies,like,24-03-2024 08:01
26,305,Education,like,16-03-2024 13:43
21,907,Business,view,19-03-2024 09:48
98,403,Movies,view,09-03-2024 03:13
58,811,Sports,share,28-03-2024 07:12
24,302,Education,bookmark,10-03-2024 06:40
28,107,Health,bookmark,18-03-2024 05:02
30,109,Health,share,29-03-2024 10:03
34,604,Nature,bookmark,29-03-2024 12:42
54,906,Business,share,13-03-2024 14:13
52,511,Politics,comment,04-03-2024 09:18
87,206,Technology,bookmark,21-03-2024 21:39
8,608,Nature,view,06-03-2024 13:23
10,804,Sports,comment,21-03-2024 14:17
55,311,Education,share,25-03-2024 02:14
1,309,Education,view,05-03-2024 21:34
84,101,Health,bookmark,18-03-2024 01:10
37,509,Politics,like,03-03-2024 21:17
82,503,Politics,share,05-03-2024 14:32
21,105,Health,bookmark,05-03-2024 11:24
4,908,Business,bookmark,01-03-2024 10:04
43,802,Sports,share,15-03-2024 00:16
66,601,Nature,share,03-03-2024 17:35
21,602,Nature,share,26-03-2024 08:29
37,202,Technology,bookmark,14-03-2024 09:49
69,711,Travel,comment,22-03-2024 05:53
81,804,Sports,like,06-03-2024 20:21
48,701,Travel,bookmark,22-03-2024 12:54
11,607,Nature,share,12-03-2024 03:40
95,604,Nature,comment,29-03-2024 13:10
92,902,Business,like,25-03-2024 04:01
44,701,Travel,comment,26-03-2024 14:36
64,910,Business,share,07-03-2024 18:42
32,809,Sports,like,16-03-2024 08:39
21,201,Technology,comment,01-03-2024 12:01
71,207,Technology,comment,17-03-2024 01:11
10,909,Business,comment,30-03-2024 07:11
61,410,Movies,like,12-03-2024 02:27
92,601,Nature,share,21-03-2024 00:25
36,200,Technology,like,05-03-2024 01:00
84,806,Sports,comment,03-03-2024 16:24
77,310,Education,comment,25-03-2024 21:25
19,704,Travel,share,14-03-2024 16:28
75,200,Technology,view,28-03-2024 19:05
99,504,Politics,share,13-03-2024 02:43
98,800,Sports,like,18-03-2024 02:56
44,107,Health,comment,23-03-2024 02:05
4,106,Health,bookmark,24-03-2024 08:19
13,506,Politics,comment,07-03-2024 04:23
59,806,Sports,view,25-03-2024 20:39
2,706,Travel,view,10-03-2024 12:22
1,107,Health,share,19-03-2024 15:49
40,602,Nature,bookmark,27-03-2024 01:55
25,304,Education,like,15-03-2024 17:28
59,104,Health,share,30-03-2024 13:13
37,803,Sports,comment,26-03-2024 02:13
70,906,Business,bookmark,27-03-2024 01:17
7,705,Travel,comment,25-03-2024 17:25
4,306,Education,bookmark,22-03-2024 11:53
99,705,Travel,bookmark,17-03-2024 15:45
41,102,Health,bookmark,21-03-2024 10:36
61,206,Technology,like,30-03-2024 06:40
34,204,Technology,bookmark,17-03-2024 03:14
29,311,Education,share,20-03-2024 14:35
69,205,Technology,view,04-03-2024 01:09
27,301,Education,bookmark,06-03-2024 19:02
97,602,Nature,like,19-03-2024 14:07
52,706,Travel,comment,02-03-2024 10:45
74,300,Education,bookmark,11-03-2024 09:14
54,505,Politics,view,03-03-2024 20:28
70,803,Sports,like,17-03-2024 05:42
34,705,Travel,like,07-03-2024 12:12
8,609,Nature,comment,21-03-2024 06:47
95,300,Education,bookmark,12-03-2024 22:22
73,601,Nature,share,23-03-2024 17:34
85,410,Movies,bookmark,16-03-2024 22:51
8,107,Health,like,12-03-2024 13:41
68,203,Technology,bookmark,30-03-2024 10:07
86,705,Travel,share,17-03-2024 05:18
92,709,Travel,share,22-03-2024 07:53
68,701,Travel,like,01-03-2024 00:34
85,610,Nature,view,19-03-2024 11:37
72,507,Politics,like,29-03-2024 06:04
84,703,Travel,share,10-03-2024 07:18
96,303,Education,share,13-03-2024 13:45
1,705,Travel,bookmark,26-03-2024 07:34
6,811,Sports,comment,16-03-2024 09:45
92,806,Sports,share,21-03-2024 11:24
31,705,Travel,view,16-03-2024 15:21
74,905,Business,like,12-03-2024 06:30
84,407,Movies,share,23-03-2024 00:49
8,307,Education,bookmark,19-03-2024 10:29
22,309,Education,bookmark,27-03-2024 11:26
93,600,Nature,comment,30-03-2024 16:08
9,308,Education,like,09-03-2024 02:28
44,208,Technology,share,07-03-2024 08:00
47,308,Education,comment,05-03-2024 14:58
1,708,Travel,view,28-03-2024 02:32
52,411,Movies,share,20-03-2024 07:36
39,704,Travel,comment,21-03-2024 03:31
90,111,Health,view,15-03-2024 01:31
75,706,Travel,bookmark,01-03-2024 22:49
99,404,Movies,like,02-03-2024 11:10
88,906,Business,like,25-03-2024 18:49
97,100,Health,view,13-03-2024 02:05
84,411,Movies,share,16-03-2024 18:28
27,607,Nature,like,15-03-2024 10:53
79,109,Health,like,21-03-2024 08:05
33,900,Business,view,20-03-2024 20:36
71,204,Technology,view,29-03-2024 19:01
98,102,Health,bookmark,06-03-2024 22:56
45,508,Politics,view,23-03-2024 05:15
60,302,Education,view,21-03-2024 16:47
58,806,Sports,comment,13-03-2024 09:10
51,410,Movies,share,05-03-2024 03:42
46,306,Education,comment,15-03-2024 15:27
5,604,Nature,view,01-03-2024 02:05
58,411,Movies,bookmark,27-03-2024 19:14
94,409,Movies,share,01-03-2024 00:03
92,804,Sports,comment,13-03-2024 03:43
18,505,Politics,comment,08-03-2024 15:52
36,501,Politics,share,14-03-2024 15:13
67,207,Technology,view,27-03-2024 07:14
21,100,Health,share,27-03-2024 08:22
46,607,Nature,comment,15-03-2024 00:46
58,105,Health,like,28-03-2024 16:03
80,300,Education,share,28-03-2024 16:28
37,805,Sports,bookmark,22-03-2024 19:21
63,103,Health,comment,27-03-2024 09:57
5,610,Nature,comment,05-03-2024 11:12
78,402,Movies,like,21-03-2024 21:34
31,300,Education,like,07-03-2024 20:54
88,911,Business,like,25-03-2024 05:15
99,409,Movies,like,15-03-2024 02:25
36,710,Travel,view,13-03-2024 04:41
74,509,Politics,share,27-03-2024 13:58
91,404,Movies,bookmark,12-03-2024 00:18
56,200,Technology,bookmark,15-03-2024 06:36
27,201,Technology,comment,09-03-2024 07:00
23,802,Sports,view,02-03-2024 20:24
77,800,Sports,comment,17-03-2024 08:32
80,208,Technology,bookmark,02-03-2024 16:23
99,111,Health,share,30-03-2024 07:29
91,405,Movies,view,06-03-2024 01:48
52,202,Technology,view,25-03-2024 09:46
47,204,Technology,bookmark,08-03-2024 16:42
81,809,Sports,comment,26-03-2024 04:26
62,904,Business,share,01-03-2024 16:20
61,511,Politics,view,11-03-2024 09:18
48,705,Travel,comment,05-03-2024 17:54
1,200,Technology,view,26-03-2024 19:08
11,200,Technology,comment,26-03-2024 11:35
76,405,Movies,like,18-03-2024 04:21
14,606,Nature,comment,30-03-2024 15:51
72,310,Education,bookmark,27-03-2024 02:18
95,607,Nature,share,29-03-2024 09:24
7,609,Nature,view,06-03-2024 20:07
46,901,Business,comment,03-03-2024 16:51
31,608,Nature,bookmark,28-03-2024 21:29
16,204,Technology,share,08-03-2024 03:37
42,111,Health,comment,07-03-2024 10:34
39,300,Education,comment,21-03-2024 14:30
54,810,Sports,view,23-03-2024 06:32
44,408,Movies,like,28-03-2024 01:56
83,807,Sports,view,20-03-2024 19:29
8,901,Business,like,06-03-2024 01:53
93,909,Business,share,09-03-2024 04:37
66,111,Health,view,20-03-2024 06:25
42,807,Sports,bookmark,26-03-2024 22:37
67,705,Travel,bookmark,29-03-2024 06:52
93,905,Business,bookmark,24-03-2024 17:55
79,500,Politics,bookmark,14-03-2024 18:32
92,208,Technology,like,21-03-2024 17:37
32,103,Health,comment,07-03-2024 19:00
94,803,Sports,share,06-03-2024 17:16
51,805,Sports,bookmark,22-03-2024 09:52
47,408,Movies,share,12-03-2024 02:01
94,401,Movies,view,02-03-2024 07:22
34,411,Movies,like,21-03-2024 10:44
13,411,Movies,like,10-03-2024 04:45
97,107,Health,like,24-03-2024 16:08
81,300,Education,comment,24-03-2024 16:34
67,706,Travel,comment,14-03-2024 08:35
73,807,Sports,like,27-03-2024 22:23
11,202,Technology,comment,06-03-2024 03:56
91,905,Business,share,29-03-2024 12:36
28,207,Technology,share,27-03-2024 20:35
57,401,Movies,share,24-03-2024 02:10
66,708,Travel,share,05-03-2024 17:35
65,307,Education,view,04-03-2024 19:18
70,909,Business,view,19-03-2024 10:33
89,709,Travel,like,08-03-2024 19:19
35,905,Business,bookmark,05-03-2024 14:11
80,100,Health,comment,06-03-2024 21:05
4,506,Politics,comment,10-03-2024 14:06
61,111,Health,like,15-03-2024 06:10
38,502,Politics,comment,18-03-2024 13:23
44,304,Education,share,03-03-2024 22:18
84,801,Sports,comment,17-03-2024 16:02
89,704,Travel,like,09-03-2024 21:35
71,710,Travel,comment,12-03-2024 09:15
21,906,Business,like,20-03-2024 20:52
7,307,Education,comment,23-03-2024 05:25
29,500,Politics,share,08-03-2024 12:43
7,206,Technology,bookmark,16-03-2024 15:11
67,511,Politics,view,24-03-2024 10:25
93,100,Health,view,01-03-2024 21:23
93,310,Education,share,08-03-2024 14:18
70,806,Sports,comment,14-03-2024 13:35
74,707,Travel,like,02-03-2024 17:44
55,800,Sports,comment,12-03-2024 11:34
78,501,Politics,share,28-03-2024 14:03
22,509,Politics,like,09-03-2024 01:08
32,609,Nature,bookmark,16-03-2024 13:54
82,106,Health,like,28-03-2024 13:02
36,504,Politics,view,21-03-2024 08:55
9,207,Technology,comment,09-03-2024 19:12
26,101,Health,bookmark,25-03-2024 18:48
22,310,Education,bookmark,28-03-2024 21:16
46,907,Business,like,07-03-2024 04:31
87,900,Business,view,24-03-2024 13:35
17,111,Health,view,16-03-2024 17:44
26,102,Health,view,12-03-2024 01:21
38,708,Travel,bookmark,25-03-2024 14:17
2,407,Movies,like,05-03-2024 13:42
6,403,Movies,bookmark,06-03-2024 05:02
71,605,Nature,view,21-03-2024 22:31
13,508,Politics,view,03-03-2024 03:54
91,311,Education,like,13-03-2024 03:20
75,905,Business,view,07-03-2024 17:54
55,805,Sports,bookmark,13-03-2024 08:18
79,504,Politics,like,11-03-2024 17:33
63,808,Sports,bookmark,10-03-2024 22:12
73,905,Business,share,14-03-2024 02:27
72,706,Travel,share,29-03-2024 20:00
46,411,Movies,bookmark,09-03-2024 08:42
6,700,Travel,comment,22-03-2024 21:23
48,606,Nature,view,18-03-2024 02:58
60,604,Nature,share,11-03-2024 10:27
43,400,Movies,bookmark,07-03-2024 22:55
68,601,Nature,like,10-03-2024 18:34
11,611,Nature,bookmark,27-03-2024 05:47
58,201,Technology,share,26-03-2024 21:46
92,911,Business,view,14-03-2024 11:13
90,809,Sports,bookmark,21-03-2024 15:20
4,405,Movies,share,10-03-2024 08:16
79,306,Education,bookmark,07-03-2024 08:46
83,408,Movies,bookmark,28-03-2024 19:56
70,508,Politics,share,17-03-2024 05:18
59,108,Health,comment,27-03-2024 07:32
5,500,Politics,like,12-03-2024 11:40
18,605,Nature,like,26-03-2024 10:31
70,304,Education,like,07-03-2024 06:25
64,908,Business,share,28-03-2024 09:36
95,501,Politics,comment,08-03-2024 19:05
25,908,Business,view,07-03-2024 16:19
4,911,Business,view,08-03-2024 21:56
70,403,Movies,view,07-03-2024 12:24
41,310,Education,comment,18-03-2024 17:51
37,607,Nature,view,14-03-2024 13:00
59,608,Nature,share,13-03-2024 19:55
50,809,Sports,bookmark,12-03-2024 09:27
56,102,Health,view,09-03-2024 18:39
25,803,Sports,bookmark,24-03-2024 03:39
34,601,Nature,comment,27-03-2024 15:55
19,601,Nature,like,13-03-2024 15:23
98,202,Technology,bookmark,12-03-2024 18:54
79,503,Politics,bookmark,13-03-2024 16:03
8,201,Technology,view,09-03-2024 17:11
54,308,Education,bookmark,07-03-2024 02:32
47,207,Technology,view,02-03-2024 11:23
34,902,Business,like,02-03-2024 18:34
82,705,Travel,bookmark,04-03-2024 00:27
30,206,Technology,like,29-03-2024 14:30
13,305,Education,like,10-03-2024 11:25
47,711,Travel,view,24-03-2024 20:27
33,205,Technology,like,14-03-2024 08:18
35,904,Business,bookmark,17-03-2024 04:14
88,705,Travel,bookmark,24-03-2024 11:23
26,700,Travel,view,02-03-2024 12:18
47,305,Education,like,08-03-2024 21:12
53,702,Travel,like,10-03-2024 09:48
65,204,Technology,like,19-03-2024 04:03
77,908,Business,like,10-03-2024 02:22
74,407,Movies,share,30-03-2024 10:44
19,309,Education,view,09-03-2024 06:53
5,201,Technology,comment,06-03-2024 05:15
8,206,Technology,comment,18-03-2024 06:39
4,406,Movies,share,02-03-2024 07:05
49,604,Nature,like,07-03-2024 14:26
77,307,Education,bookmark,09-03-2024 08:13
38,908,Business,like,25-03-2024 16:21
49,107,Health,like,22-03-2024 11:00
83,908,Business,comment,15-03-2024 00:01
52,804,Sports,share,24-03-2024 22:31
50,709,Travel,view,22-03-2024 10:24
72,708,Travel,like,16-03-2024 00:57
91,407,Movies,view,24-03-2024 07:38
50,904,Business,view,28-03-2024 19:40
30,303,Education,share,10-03-2024 18:56
4,104,Health,bookmark,30-03-2024 22:43
75,900,Business,like,29-03-2024 14:37
85,502,Politics,comment,17-03-2024 00:39
66,702,Travel,comment,09-03-2024 01:32
21,302,Education,comment,28-03-2024 12:31
81,811,Sports,view,30-03-2024 15:09
43,709,Travel,bookmark,20-03-2024 01:48
29,700,Travel,bookmark,03-03-2024 05:25
27,301,Education,share,18-03-2024 12:50
88,506,Politics,view,08-03-2024 12:13
53,408,Movies,bookmark,07-03-2024 09:50
49,805,Sports,comment,18-03-2024 03:24
67,111,Health,comment,30-03-2024 04:09
10,301,Education,comment,05-03-2024 16:40
3,111,Health,bookmark,06-03-2024 02:22
90,611,Nature,comment,24-03-2024 08:45
91,810,Sports,bookmark,01-03-2024 05:12
69,404,Movies,bookmark,28-03-2024 18:10
11,507,Politics,like,28-03-2024 02:51
13,207,Technology,comment,15-03-2024 15:49
98,808,Sports,bookmark,01-03-2024 06:04
38,606,Nature,bookmark,03-03-2024 02:45
40,200,Technology,comment,26-03-2024 09:58
33,100,Health,comment,25-03-2024 15:18
34,303,Education,comment,15-03-2024 11:42
27,206,Technology,share,16-03-2024 00:13
90,500,Politics,comment,15-03-2024 10:18
51,908,Business,like,11-03-2024 02:45
89,711,Travel,view,04-03-2024 11:46
83,505,Politics,bookmark,22-03-2024 20:22
21,607,Nature,comment,16-03-2024 01:56
95,809,Sports,share,28-03-2024 01:32
29,410,Movies,bookmark,28-03-2024 00:49
73,605,Nature,bookmark,29-03-2024 05:20
19,510,Politics,like,30-03-2024 09:37
26,109,Health,share,07-03-2024 17:06
25,611,Nature,bookmark,05-03-2024 10:30
40,710,Travel,like,03-03-2024 14:18
29,800,Sports,share,25-03-2024 10:31
25,900,Business,share,30-03-2024 20:50
19,808,Sports,comment,28-03-2024 04:50
68,909,Business,share,22-03-2024 03:16
45,500,Politics,like,10-03-2024 17:27
84,406,Movies,share,20-03-2024 13:33
46,903,Business,share,26-03-2024 13:05
55,504,Politics,share,10-03-2024 21:24
1,511,Politics,comment,13-03-2024 02:09
11,203,Technology,bookmark,16-03-2024 03:00
68,908,Business,share,13-03-2024 16:34
7,402,Movies,view,21-03-2024 06:49
92,204,Technology,bookmark,27-03-2024 22:14
58,806,Sports,view,24-03-2024 03:00
71,900,Business,share,01-03-2024 13:54
20,201,Technology,comment,01-03-2024 14:08
35,407,Movies,like,15-03-2024 08:49
51,904,Business,bookmark,10-03-2024 01:01
21,711,Travel,share,03-03-2024 15:21
44,306,Education,view,15-03-2024 02:16
1,100,Health,share,02-03-2024 16:26
67,309,Education,like,08-03-2024 16:13
98,105,Health,share,04-03-2024 04:42
13,110,Health,view,07-03-2024 10:12
16,507,Politics,view,02-03-2024 12:51
34,801,Sports,share,13-03-2024 03:13
24,906,Business,share,23-03-2024 11:33
13,601,Nature,bookmark,10-03-2024 14:25
6,604,Nature,comment,11-03-2024 14:44
39,306,Education,like,25-03-2024 14:14
2,201,Technology,comment,19-03-2024 08:22
11,809,Sports,share,29-03-2024 14:03
7,604,Nature,comment,04-03-2024 13:56
7,205,Technology,like,22-03-2024 07:40
39,808,Sports,comment,02-03-2024 04:42
76,304,Education,like,17-03-2024 16:46
86,802,Sports,view,02-03-2024 20:25
51,902,Business,view,01-03-2024 03:00
52,208,Technology,share,06-03-2024 09:53
3,801,Sports,comment,03-03-2024 20:23
77,410,Movies,view,14-03-2024 17:10
30,608,Nature,comment,28-03-2024 10:44
10,203,Technology,view,30-03-2024 06:12
73,202,Technology,share,11-03-2024 01:32
6,811,Sports,view,16-03-2024 16:47
54,610,Nature,view,26-03-2024 22:51
66,905,Business,like,18-03-2024 08:12
44,402,Movies,share,13-03-2024 20:55
80,604,Nature,bookmark,13-03-2024 13:18
63,901,Business,comment,20-03-2024 11:43
77,108,Health,bookmark,11-03-2024 06:54
48,904,Business,bookmark,26-03-2024 04:30
77,104,Health,like,29-03-2024 12:14
22,307,Education,bookmark,23-03-2024 18:15
19,504,Politics,view,08-03-2024 16:12
90,606,Nature,like,25-03-2024 17:06
14,407,Movies,like,08-03-2024 09:12
95,109,Health,like,21-03-2024 17:37
93,504,Politics,share,24-03-2024 08:21
86,610,Nature,bookmark,18-03-2024 04:29
7,911,Business,like,06-03-2024 08:39
49,606,Nature,view,12-03-2024 16:08
41,204,Technology,view,21-03-2024 01:25
27,603,Nature,like,15-03-2024 09:25
31,708,Travel,share,05-03-2024 06:33
6,804,Sports,comment,21-03-2024 00:40
16,808,Sports,like,14-03-2024 14:11
64,204,Technology,comment,06-03-2024 13:58
38,605,Nature,share,11-03-2024 02:02
60,408,Movies,like,10-03-2024 00:01
96,405,Movies,like,14-03-2024 14:39
97,404,Movies,view,02-03-2024 18:55
81,701,Travel,like,27-03-2024 09:15
33,806,Sports,like,08-03-2024 03:47
63,602,Nature,like,26-03-2024 08:36
11,405,Movies,view,14-03-2024 00:14
13,903,Business,comment,14-03-2024 14:37
94,206,Technology,view,21-03-2024 04:30
65,808,Sports,view,12-03-2024 20:54
30,207,Technology,like,10-03-2024 04:55
91,407,Movies,like,25-03-2024 16:42
23,501,Politics,bookmark,09-03-2024 11:33
20,208,Technology,bookmark,09-03-2024 13:51
6,300,Education,share,23-03-2024 20:20
37,905,Business,bookmark,03-03-2024 12:17
84,603,Nature,like,08-03-2024 05:08
6,101,Health,share,16-03-2024 03:50
93,804,Sports,comment,24-03-2024 14:43
77,504,Politics,bookmark,05-03-2024 00:26
27,505,Politics,bookmark,19-03-2024 05:44
84,708,Travel,like,04-03-2024 21:06
13,504,Politics,like,19-03-2024 20:11
8,807,Sports,view,11-03-2024 11:20
53,505,Politics,view,13-03-2024 20:29
81,804,Sports,bookmark,22-03-2024 14:00
30,609,Nature,bookmark,16-03-2024 10:53
1,204,Technology,share,23-03-2024 18:27
88,101,Health,bookmark,23-03-2024 09:50
80,409,Movies,like,08-03-2024 08:45
75,300,Education,like,01-03-2024 01:57
4,810,Sports,share,23-03-2024 19:24
62,309,Education,comment,12-03-2024 00:41
68,101,Health,comment,04-03-2024 17:37
17,901,Business,like,30-03-2024 09:54
74,205,Technology,view,17-03-2024 12:09
85,706,Travel,comment,30-03-2024 21:20
57,901,Business,view,14-03-2024 06:55
63,609,Nature,like,04-03-2024 05:38
57,606,Nature,like,04-03-2024 04:05
49,103,Health,view,26-03-2024 04:56
18,802,Sports,like,16-03-2024 01:54
58,109,Health,bookmark,02-03-2024 07:46
10,810,Sports,like,30-03-2024 11:37
63,806,Sports,bookmark,04-03-2024 00:04
80,811,Sports,share,01-03-2024 06:04
79,106,Health,view,01-03-2024 11:24
34,102,Health,comment,28-03-2024 19:20
5,708,Travel,share,18-03-2024 10:20
17,906,Business,view,02-03-2024 03:14
72,402,Movies,comment,11-03-2024 04:16
63,401,Movies,bookmark,04-03-2024 22:05
24,500,Politics,comment,25-03-2024 04:51
92,902,Business,bookmark,23-03-2024 01:08
8,707,Travel,like,07-03-2024 08:10
23,808,Sports,like,05-03-2024 15:09
99,102,Health,bookmark,07-03-2024 20:28
31,206,Technology,share,12-03-2024 19:20
81,410,Movies,comment,24-03-2024 10:40
28,707,Travel,bookmark,09-03-2024 13:51
48,500,Politics,share,27-03-2024 19:36
12,902,Business,comment,28-03-2024 07:38
88,402,Movies,share,25-03-2024 18:54
79,900,Business,bookmark,17-03-2024 11:26
31,706,Travel,comment,15-03-2024 21:14
91,609,Nature,comment,20-03-2024 12:12
35,803,Sports,share,29-03-2024 14:34
55,708,Travel,like,12-03-2024 10:16
82,602,Nature,comment,10-03-2024 13:39
36,909,Business,share,22-03-2024 15:08
72,204,Technology,like,26-03-2024 13:29
60,109,Health,view,05-03-2024 13:25
38,507,Politics,share,15-03-2024 07:06
69,109,Health,comment,05-03-2024 08:25
54,204,Technology,view,14-03-2024 15:32
14,100,Health,bookmark,25-03-2024 01:47
20,103,Health,view,11-03-2024 13:35
9,906,Business,view,04-03-2024 10:50
97,300,Education,view,25-03-2024 02:39
82,705,Travel,like,24-03-2024 17:30
70,711,Travel,like,21-03-2024 14:36
2,204,Technology,like,28-03-2024 00:16
30,502,Politics,view,07-03-2024 03:31
6,311,Education,comment,20-03-2024 02:07
81,509,Politics,comment,25-03-2024 02:50
41,403,Movies,view,30-03-2024 05:36
23,711,Travel,view,01-03-2024 17:18
31,108,Health,comment,09-03-2024 06:54
20,610,Nature,share,17-03-2024 00:34
5,602,Nature,bookmark,11-03-2024 00:19
21,104,Health,view,13-03-2024 02:07
75,105,Health,view,04-03-2024 08:11
68,303,Education,like,04-03-2024 22:16
87,309,Education,like,22-03-2024 02:24
61,909,Business,view,05-03-2024 08:17
94,106,Health,share,07-03-2024 03:56
42,109,Health,share,30-03-2024 16:51
41,203,Technology,like,20-03-2024 10:38
61,601,Nature,bookmark,04-03-2024 14:02
82,311,Education,view,03-03-2024 02:52
52,105,Health,share,28-03-2024 08:48
41,709,Travel,share,22-03-2024 02:40
60,202,Technology,view,27-03-2024 11:19
95,706,Travel,bookmark,19-03-2024 04:43
30,800,Sports,like,16-03-2024 20:52
98,604,Nature,view,01-03-2024 03:43
95,811,Sports,bookmark,22-03-2024 17:58
38,506,Politics,comment,18-03-2024 10:21
89,708,Travel,comment,08-03-2024 20:15
17,700,Travel,bookmark,28-03-2024 02:10
40,300,Education,like,16-03-2024 16:35
30,108,Health,view,15-03-2024 11:05
66,500,Politics,share,03-03-2024 02:19
24,200,Technology,view,26-03-2024 05:40
73,905,Business,like,02-03-2024 07:53
1,308,Education,comment,05-03-2024 02:21
88,105,Health,view,11-03-2024 19:12
38,108,Health,bookmark,02-03-2024 22:52
64,606,Nature,view,10-03-2024 05:19
27,504,Politics,view,18-03-2024 13:04
90,304,Education,comment,06-03-2024 06:53
90,108,Health,comment,18-03-2024 14:41
7,207,Technology,share,09-03-2024 17:16
89,501,Politics,comment,05-03-2024 13:41
80,109,Health,comment,30-03-2024 16:27
42,601,Nature,view,03-03-2024 04:27
18,901,Business,comment,22-03-2024 15:05
81,700,Travel,view,15-03-2024 21:16
44,102,Health,view,19-03-2024 03:42
70,107,Health,bookmark,01-03-2024 12:07
20,307,Education,view,27-03-2024 16:56
23,604,Nature,share,01-03-2024 15:57
12,107,Health,view,12-03-2024 06:12
12,901,Business,view,10-03-2024 01:08
34,402,Movies,like,29-03-2024 11:32
8,305,Education,share,14-03-2024 18:13
27,801,Sports,like,07-03-2024 18:43
49,603,Nature,bookmark,13-03-2024 15:58
72,611,Nature,view,22-03-2024 09:20
55,703,Travel,share,27-03-2024 17:05
97,707,Travel,share,29-03-2024 00:23
83,606,Nature,bookmark,15-03-2024 12:12
88,607,Nature,comment,04-03-2024 14:14
22,603,Nature,share,01-03-2024 12:33
3,404,Movies,comment,29-03-2024 13:12
9,101,Health,bookmark,16-03-2024 12:23
11,409,Movies,comment,29-03-2024 10:02
6,403,Movies,bookmark,27-03-2024 07:56
39,910,Business,view,15-03-2024 08:44
39,903,Business,view,02-03-2024 19:37
66,909,Business,view,24-03-2024 22:15
60,500,Politics,like,08-03-2024 06:36
37,711,Travel,share,23-03-2024 00:23
6,906,Business,bookmark,04-03-2024 07:20
6,408,Movies,comment,25-03-2024 18:22
39,308,Education,bookmark,19-03-2024 06:30
36,908,Business,like,28-03-2024 11:01
89,305,Education,comment,28-03-2024 06:39
50,705,Travel,like,22-03-2024 20:05
80,905,Business,comment,19-03-2024 08:38
85,902,Business,share,21-03-2024 02:15
10,102,Health,view,01-03-2024 18:32
5,102,Health,view,21-03-2024 03:19
50,108,Health,share,23-03-2024 15:20
25,104,Health,share,28-03-2024 12:48
95,503,Politics,view,08-03-2024 14:36
3,611,Nature,bookmark,06-03-2024 07:25
84,310,Education,comment,03-03-2024 20:08
4,500,Politics,bookmark,30-03-2024 10:01
78,609,Nature,bookmark,12-03-2024 00:39
12,611,Nature,share,28-03-2024 15:14
14,811,Sports,view,22-03-2024 08:30
82,801,Sports,comment,10-03-2024 00:42
27,308,Education,view,24-03-2024 11:20
71,808,Sports,view,07-03-2024 15:00
48,203,Technology,view,09-03-2024 02:48
99,308,Education,share,24-03-2024 07:42
22,801,Sports,view,06-03-2024 16:50
21,710,Travel,view,11-03-2024 14:21
43,108,Health,comment,14-03-2024 20:38
58,506,Politics,share,05-03-2024 06:08
18,701,Travel,bookmark,07-03-2024 07:36
90,400,Movies,like,30-03-2024 12:15
86,801,Sports,view,10-03-2024 17:36
56,801,Sports,view,26-03-2024 13:49
69,605,Nature,comment,07-03-2024 18:37
99,707,Travel,bookmark,18-03-2024 19:28
12,808,Sports,like,13-03-2024 08:52
99,505,Politics,comment,01-03-2024 01:12
98,911,Business,like,24-03-2024 05:16
20,708,Travel,comment,19-03-2024 20:20
12,608,Nature,comment,24-03-2024 01:51
98,904,Business,share,12-03-2024 02:45
26,602,Nature,comment,10-03-2024 18:06
98,201,Technology,bookmark,03-03-2024 11:32
96,809,Sports,share,04-03-2024 18:17
46,800,Sports,like,09-03-2024 12:26
7,703,Travel,share,27-03-2024 10:16
90,310,Education,like,27-03-2024 15:15
89,201,Technology,like,03-03-2024 22:12
39,107,Health,like,17-03-2024 21:19
52,809,Sports,comment,06-03-2024 17:56
17,103,Health,bookmark,20-03-2024 03:55
24,704,Travel,share,20-03-2024 06:54
91,901,Business,like,20-03-2024 17:43
4,505,Politics,bookmark,29-03-2024 07:09
91,510,Politics,like,30-03-2024 17:07
47,310,Education,like,20-03-2024 17:00
30,703,Travel,view,23-03-2024 03:52
3,302,Education,like,18-03-2024 21:29
6,400,Movies,view,13-03-2024 04:46
72,106,Health,view,17-03-2024 14:09
16,503,Politics,like,17-03-2024 09:56
79,111,Health,bookmark,29-03-2024 20:32
36,108,Health,bookmark,16-03-2024 18:38
53,909,Business,comment,13-03-2024 12:50
8,311,Education,view,16-03-2024 11:11
52,510,Politics,bookmark,30-03-2024 19:39
52,509,Politics,bookmark,27-03-2024 10:42
30,905,Business,comment,19-03-2024 01:39
56,902,Business,view,29-03-2024 00:13
12,706,Travel,like,11-03-2024 19:23
68,110,Health,view,04-03-2024 21:42
78,205,Technology,share,27-03-2024 00:08
56,403,Movies,bookmark,07-03-2024 00:29
89,510,Politics,comment,14-03-2024 19:13
69,202,Technology,view,24-03-2024 05:08
87,508,Politics,comment,19-03-2024 09:38
58,203,Technology,share,19-03-2024 15:34
94,107,Health,like,12-03-2024 20:51
12,911,Business,like,04-03-2024 10:30
79,301,Education,bookmark,04-03-2024 21:47
83,708,Travel,view,29-03-2024 05:51
90,311,Education,share,24-03-2024 21:32
4,901,Business,view,02-03-2024 22:00
38,809,Sports,view,21-03-2024 20:19
8,509,Politics,comment,16-03-2024 17:58
30,510,Politics,bookmark,22-03-2024 19:25
79,304,Education,bookmark,16-03-2024 04:08
12,803,Sports,view,22-03-2024 02:37
74,507,Politics,view,15-03-2024 12:50
12,104,Health,share,06-03-2024 22:22
17,511,Politics,view,22-03-2024 03:07
61,910,Business,bookmark,11-03-2024 17:37
64,808,Sports,comment,07-03-2024 07:53
60,610,Nature,share,01-03-2024 03:51
2,711,Travel,comment,16-03-2024 12:16
19,311,Education,view,16-03-2024 00:32
54,908,Business,share,01-03-2024 11:24
29,900,Business,comment,28-03-2024 17:51
65,101,Health,share,18-03-2024 19:44
86,105,Health,like,28-03-2024 21:12
89,911,Business,like,11-03-2024 09:09
74,400,Movies,bookmark,14-03-2024 04:55
9,502,Politics,share,28-03-2024 19:03
83,208,Technology,share,23-03-2024 13:29
12,510,Politics,bookmark,01-03-2024 00:38
93,206,Technology,like,30-03-2024 18:47
52,202,Technology,share,10-03-2024 14:39
82,400,Movies,bookmark,06-03-2024 04:41
56,505,Politics,bookmark,28-03-2024 20:23
16,408,Movies,share,17-03-2024 20:22
4,811,Sports,like,07-03-2024 10:06
89,909,Business,comment,30-03-2024 05:16
86,910,Business,like,14-03-2024 07:00
29,305,Education,share,27-03-2024 10:44
59,407,Movies,share,08-03-2024 13:35
86,703,Travel,share,02-03-2024 08:27
79,611,Nature,like,12-03-2024 05:38
66,604,Nature,comment,16-03-2024 11:43
77,402,Movies,comment,28-03-2024 12:12
12,206,Technology,bookmark,11-03-2024 20:22
26,100,Health,bookmark,08-03-2024 00:48
12,703,Travel,view,05-03-2024 07:03
91,903,Business,view,23-03-2024 02:10
35,410,Movies,view,22-03-2024 20:23
2,809,Sports,view,06-03-2024 03:51
17,511,Politics,comment,21-03-2024 17:38
2,906,Business,share,16-03-2024 19:16
17,707,Travel,comment,25-03-2024 00:16
34,305,Education,comment,23-03-2024 11:30
34,511,Politics,bookmark,19-03-2024 18:30
45,105,Health,comment,26-03-2024 01:38
41,706,Travel,view,07-03-2024 19:42
73,910,Business,bookmark,22-03-2024 14:18
78,602,Nature,view,14-03-2024 14:52
84,407,Movies,bookmark,18-03-2024 21:49
33,405,Movies,bookmark,18-03-2024 17:21
24,201,Technology,like,06-03-2024 17:03
69,104,Health,bookmark,04-03-2024 14:51
32,403,Movies,like,13-03-2024 04:04
23,510,Politics,share,03-03-2024 11:43
65,409,Movies,view,30-03-2024 06:34
32,608,Nature,comment,30-03-2024 02:21
80,203,Technology,share,10-03-2024 02:41
84,106,Health,comment,05-03-2024 01:57
16,507,Politics,view,02-03-2024 18:24
52,705,Travel,comment,27-03-2024 04:00
13,700,Travel,bookmark,04-03-2024 02:00
46,807,Sports,share,07-03-2024 04:25
11,200,Technology,like,24-03-2024 13:17
81,311,Education,comment,04-03-2024 10:39
71,706,Travel,share,08-03-2024 22:20
22,804,Sports,like,23-03-2024 18:28
95,403,Movies,view,14-03-2024 05:48
68,601,Nature,view,06-03-2024 03:51
81,111,Health,share,26-03-2024 10:53
65,202,Technology,like,16-03-2024 20:07
2,610,Nature,share,18-03-2024 14:41
51,509,Politics,share,25-03-2024 18:08
97,309,Education,like,23-03-2024 21:16
83,704,Travel,bookmark,27-03-2024 08:12
83,200,Technology,comment,04-03-2024 05:09
58,811,Sports,comment,28-03-2024 01:13
23,902,Business,comment,30-03-2024 22:54
16,905,Business,share,13-03-2024 00:40
16,402,Movies,comment,22-03-2024 07:42
29,306,Education,share,17-03-2024 10:48
72,911,Business,share,15-03-2024 02:39
28,204,Technology,like,19-03-2024 13:53
89,203,Technology,view,30-03-2024 19:24
58,803,Sports,like,04-03-2024 18:56
59,111,Health,bookmark,24-03-2024 06:18
89,803,Sports,comment,06-03-2024 17:56
77,108,Health,like,13-03-2024 14:50
14,411,Movies,like,28-03-2024 08:07
19,804,Sports,like,04-03-2024 08:06
79,206,Technology,bookmark,07-03-2024 09:43
79,510,Politics,bookmark,07-03-2024 06:19
21,406,Movies,comment,13-03-2024 11:55
72,711,Travel,view,16-03-2024 06:49
56,502,Politics,comment,07-03-2024 16:38
45,803,Sports,view,20-03-2024 11:00
92,200,Technology,view,30-03-2024 03:26
45,701,Travel,bookmark,14-03-2024 15:30
16,604,Nature,bookmark,16-03-2024 17:12
88,711,Travel,like,30-03-2024 10:49
76,401,Movies,comment,15-03-2024 03:58
78,807,Sports,view,18-03-2024 10:57
30,911,Business,view,25-03-2024 16:03
96,100,Health,view,14-03-2024 07:51
83,306,Education,like,19-03-2024 15:39
5,205,Technology,bookmark,17-03-2024 06:33
29,207,Technology,bookmark,22-03-2024 11:01
66,411,Movies,like,09-03-2024 07:35
50,402,Movies,comment,28-03-2024 05:22
50,505,Politics,comment,28-03-2024 19:05
88,506,Politics,like,19-03-2024 14:36
58,900,Business,bookmark,22-03-2024 20:05
81,707,Travel,comment,20-03-2024 14:46
42,705,Travel,view,12-03-2024 14:07
91,507,Politics,view,06-03-2024 18:20
67,406,Movies,bookmark,09-03-2024 17:57
48,407,Movies,like,04-03-2024 21:31
18,904,Business,like,01-03-2024 18:32
21,902,Business,comment,02-03-2024 04:52
39,706,Travel,bookmark,28-03-2024 17:39
65,607,Nature,bookmark,20-03-2024 10:07
7,902,Business,comment,05-03-2024 02:01
23,300,Education,bookmark,07-03-2024 00:54
80,911,Business,bookmark,13-03-2024 21:46
75,207,Technology,comment,02-03-2024 07:42
35,611,Nature,bookmark,23-03-2024 12:13
41,805,Sports,comment,08-03-2024 01:34
39,702,Travel,share,20-03-2024 07:22
22,807,Sports,like,03-03-2024 07:28
35,503,Politics,like,10-03-2024 07:23
33,405,Movies,bookmark,08-03-2024 02:38
43,606,Nature,view,10-03-2024 07:36
45,202,Technology,view,24-03-2024 04:00
42,102,Health,like,12-03-2024 08:38
28,602,Nature,view,29-03-2024 06:14
49,103,Health,comment,10-03-2024 13:37
11,910,Business,comment,20-03-2024 10:00
69,409,Movies,share,18-03-2024 22:13
18,200,Technology,view,30-03-2024 18:05
4,704,Travel,like,28-03-2024 19:00
95,704,Travel,share,10-03-2024 01:47
88,203,Technology,bookmark,22-03-2024 03:23
30,710,Travel,comment,13-03-2024 14:25
31,308,Education,like,29-03-2024 22:13
76,902,Business,like,05-03-2024 13:26
67,402,Movies,view,09-03-2024 11:50
94,201,Technology,like,30-03-2024 12:41
61,606,Nature,bookmark,27-03-2024 14:58
8,207,Technology,view,29-03-2024 22:17
52,702,Travel,view,19-03-2024 06:29
74,311,Education,share,29-03-2024 04:44
88,708,Travel,view,15-03-2024 18:27
65,611,Nature,share,03-03-2024 07:33
18,709,Travel,bookmark,03-03-2024 07:25
41,602,Nature,like,01-03-2024 18:28
22,905,Business,bookmark,16-03-2024 14:39
95,908,Business,view,30-03-2024 07:41
27,100,Health,like,11-03-2024 04:18
16,504,Politics,like,02-03-2024 05:29
18,602,Nature,comment,16-03-2024 14:07
11,806,Sports,bookmark,18-03-2024 06:40
18,207,Technology,share,01-03-2024 10:55
4,300,Education,bookmark,27-03-2024 11:56
74,707,Travel,bookmark,09-03-2024 19:55
30,403,Movies,like,18-03-2024 05:36
68,701,Travel,bookmark,28-03-2024 06:36
72,205,Technology,bookmark,04-03-2024 00:05
81,201,Technology,bookmark,22-03-2024 20:58
99,406,Movies,comment,13-03-2024 19:42
5,610,Nature,like,07-03-2024 00:24
62,301,Education,share,13-03-2024 20:10
91,402,Movies,view,03-03-2024 22:50
7,200,Technology,like,26-03-2024 14:32
33,105,Health,comment,28-03-2024 12:03
82,511,Politics,share,27-03-2024 16:23
38,408,Movies,view,27-03-2024 00:10
28,300,Education,like,30-03-2024 01:39
52,508,Politics,view,28-03-2024 21:30
79,411,Movies,comment,16-03-2024 17:41
60,805,Sports,bookmark,09-03-2024 07:23
87,203,Technology,view,04-03-2024 22:55
96,104,Health,like,20-03-2024 18:24
9,203,Technology,comment,27-03-2024 14:14
57,508,Politics,comment,28-03-2024 20:46
30,909,Business,comment,07-03-2024 03:15
29,610,Nature,bookmark,24-03-2024 04:24
96,103,Health,bookmark,18-03-2024 17:17
35,608,Nature,like,27-03-2024 06:51
59,110,Health,comment,17-03-2024 15:10
82,605,Nature,share,06-03-2024 02:14
93,911,Business,comment,06-03-2024 20:00
17,300,Education,like,30-03-2024 20:05
73,809,Sports,comment,04-03-2024 20:10
60,800,Sports,comment,15-03-2024 05:22
8,411,Movies,share,04-03-2024 12:44
13,200,Technology,like,01-03-2024 00:38
33,900,Business,comment,29-03-2024 04:24
85,702,Travel,bookmark,21-03-2024 08:04
76,203,Technology,view,11-03-2024 16:20
94,505,Politics,share,17-03-2024 11:20
41,206,Technology,share,10-03-2024 21:18
1,203,Technology,like,15-03-2024 09:51
85,902,Business,bookmark,10-03-2024 03:55
93,700,Travel,bookmark,20-03-2024 10:53
78,504,Politics,bookmark,01-03-2024 22:38
38,103,Health,like,12-03-2024 08:11
48,406,Movies,like,30-03-2024 20:00
62,806,Sports,like,02-03-2024 17:12
51,801,Sports,comment,13-03-2024 19:35
69,708,Travel,comment,10-03-2024 10:57
77,305,Education,share,29-03-2024 09:44
58,102,Health,share,20-03-2024 18:58
5,609,Nature,view,22-03-2024 12:19
37,400,Movies,view,07-03-2024 09:13
81,602,Nature,share,15-03-2024 05:51
83,410,Movies,view,14-03-2024 19:49
38,411,Movies,comment,27-03-2024 20:19
95,106,Health,share,12-03-2024 01:36
36,701,Travel,like,13-03-2024 03:52
49,705,Travel,bookmark,25-03-2024 00:29
1,702,Travel,like,28-03-2024 19:41
50,101,Health,view,02-03-2024 11:49
58,910,Business,like,11-03-2024 05:09
10,104,Health,share,28-03-2024 14:43
51,902,Business,share,16-03-2024 03:10
98,808,Sports,view,08-03-2024 14:16
49,106,Health,share,04-03-2024 10:44
13,500,Politics,like,07-03-2024 17:47
71,607,Nature,bookmark,23-03-2024 22:31
37,202,Technology,view,19-03-2024 12:57
37,110,Health,bookmark,03-03-2024 17:42
31,909,Business,comment,15-03-2024 16:16
20,606,Nature,bookmark,15-03-2024 17:20
39,703,Travel,share,26-03-2024 16:50
45,310,Education,like,07-03-2024 14:00
36,501,Politics,bookmark,18-03-2024 21:40
15,911,Business,bookmark,29-03-2024 05:32
30,702,Travel,like,13-03-2024 10:56
52,610,Nature,view,11-03-2024 04:52
61,206,Technology,like,28-03-2024 05:20
82,711,Travel,comment,05-03-2024 18:28
68,103,Health,bookmark,09-03-2024 01:02
30,809,Sports,like,30-03-2024 15:42
28,106,Health,bookmark,01-03-2024 07:49
4,902,Business,view,06-03-2024 02:00
34,910,Business,bookmark,05-03-2024 11:42
52,203,Technology,bookmark,29-03-2024 20:40
28,504,Politics,like,06-03-2024 04:03
57,201,Technology,view,24-03-2024 20:29
22,611,Nature,comment,03-03-2024 06:51
40,708,Travel,like,12-03-2024 00:07
75,200,Technology,like,17-03-2024 08:25
30,100,Health,view,15-03-2024 17:48
30,308,Education,share,15-03-2024 04:04
62,200,Technology,bookmark,28-03-2024 12:04
59,901,Business,like,07-03-2024 10:24
25,700,Travel,view,25-03-2024 20:47
17,908,Business,like,17-03-2024 20:47
65,108,Health,view,14-03-2024 06:54
99,403,Movies,view,05-03-2024 06:40
14,110,Health,comment,27-03-2024 04:03
2,804,Sports,view,03-03-2024 01:50
3,301,Education,view,15-03-2024 06:29
67,710,Travel,share,06-03-2024 05:24
20,303,Education,bookmark,24-03-2024 08:04
77,509,Politics,comment,15-03-2024 00:27
31,802,Sports,bookmark,03-03-2024 10:52
40,101,Health,like,28-03-2024 15:23
86,708,Travel,comment,20-03-2024 03:41
78,809,Sports,comment,25-03-2024 09:54
50,801,Sports,view,19-03-2024 06:44
27,402,Movies,share,12-03-2024 00:49
13,802,Sports,view,14-03-2024 17:32
65,907,Business,share,06-03-2024 18:54
2,703,Travel,comment,01-03-2024 19:42
37,600,Nature,comment,27-03-2024 14:43
11,505,Politics,share,13-03-2024 06:46
33,705,Travel,view,23-03-2024 18:37
29,206,Technology,view,08-03-2024 12:51
59,600,Nature,comment,18-03-2024 00:49
67,908,Business,view,01-03-2024 05:49
93,407,Movies,comment,24-03-2024 11:26
66,602,Nature,comment,05-03-2024 09:00
78,600,Nature,like,16-03-2024 20:36
84,509,Politics,share,24-03-2024 09:57
48,702,Travel,share,04-03-2024 18:21
82,701,Travel,like,15-03-2024 05:35
37,507,Politics,like,23-03-2024 20:21
72,411,Movies,bookmark,29-03-2024 20:44
54,800,Sports,comment,20-03-2024 08:55
71,602,Nature,bookmark,15-03-2024 05:40
10,909,Business,comment,19-03-2024 02:24
16,600,Nature,share,11-03-2024 14:10
19,700,Travel,bookmark,16-03-2024 09:01
30,203,Technology,comment,01-03-2024 12:54
54,506,Politics,share,04-03-2024 01:54
61,107,Health,share,09-03-2024 08:24
43,503,Politics,like,28-03-2024 06:49
83,403,Movies,like,20-03-2024 12:21
3,301,Education,bookmark,26-03-2024 09:33
30,408,Movies,view,29-03-2024 12:22
18,208,Technology,view,12-03-2024 03:46
36,904,Business,share,03-03-2024 19:27
20,710,Travel,comment,07-03-2024 10:58
17,406,Movies,bookmark,04-03-2024 02:01
24,610,Nature,bookmark,01-03-2024 22:56
13,909,Business,bookmark,23-03-2024 12:36
57,107,Health,comment,26-03-2024 01:26
67,704,Travel,share,24-03-2024 10:22
21,904,Business,comment,22-03-2024 03:36
4,605,Nature,bookmark,20-03-2024 08:40
82,707,Travel,comment,16-03-2024 22:52
45,408,Movies,share,18-03-2024 09:39
39,201,Technology,view,28-03-2024 09:13
43,901,Business,bookmark,27-03-2024 09:53
75,508,Politics,view,06-03-2024 03:57
38,401,Movies,like,17-03-2024 02:07
41,704,Travel,view,16-03-2024 15:44
28,600,Nature,like,11-03-2024 01:58
5,810,Sports,comment,01-03-2024 17:08
52,706,Travel,like,10-03-2024 11:36
23,802,Sports,view,29-03-2024 00:48
38,201,Technology,share,24-03-2024 00:09
36,609,Nature,share,11-03-2024 00:55
31,301,Education,view,15-03-2024 00:27
8,204,Technology,view,06-03-2024 10:37
89,103,Health,like,24-03-2024 08:20
89,705,Travel,view,09-03-2024 09:14
16,604,Nature,view,01-03-2024 16:53
11,805,Sports,view,17-03-2024 19:15
20,202,Technology,view,12-03-2024 16:11
78,301,Education,bookmark,04-03-2024 02:56
57,201,Technology,bookmark,23-03-2024 03:12
19,508,Politics,share,21-03-2024 02:45
72,305,Education,like,16-03-2024 17:12
61,801,Sports,share,27-03-2024 13:35
25,207,Technology,share,16-03-2024 01:57
33,101,Health,like,10-03-2024 07:53
40,708,Travel,like,21-03-2024 01:32
17,710,Travel,share,16-03-2024 03:27
53,807,Sports,view,06-03-2024 14:25
91,305,Education,view,18-03-2024 15:57
81,502,Politics,comment,15-03-2024 17:25
47,206,Technology,comment,12-03-2024 02:54
97,404,Movies,comment,12-03-2024 18:44
95,606,Nature,share,13-03-2024 10:43
85,407,Movies,like,15-03-2024 15:00
24,904,Business,bookmark,12-03-2024 11:15
16,204,Technology,like,08-03-2024 18:54
45,803,Sports,bookmark,30-03-2024 16:44
84,307,Education,like,16-03-2024 16:50
56,504,Politics,like,27-03-2024 00:56
99,900,Business,bookmark,04-03-2024 10:17
28,807,Sports,view,04-03-2024 14:26
46,905,Business,comment,08-03-2024 12:37
99,100,Health,share,20-03-2024 06:26
82,911,Business,share,23-03-2024 03:26
88,808,Sports,view,03-03-2024 09:04
28,304,Education,view,12-03-2024 10:51
78,700,Travel,share,04-03-2024 08:38
49,808,Sports,bookmark,20-03-2024 16:19
88,604,Nature,share,04-03-2024 15:00
95,409,Movies,like,16-03-2024 06:14
6,608,Nature,bookmark,28-03-2024 06:18
98,407,Movies,view,21-03-2024 09:44
99,711,Travel,share,27-03-2024 06:48
29,409,Movies,view,24-03-2024 09:40
66,205,Technology,bookmark,23-03-2024 20:11
69,306,Education,like,28-03-2024 21:01
86,901,Business,like,10-03-2024 22:50
73,607,Nature,view,13-03-2024 01:48
34,704,Travel,bookmark,22-03-2024 14:05
49,408,Movies,like,25-03-2024 02:30
90,810,Sports,like,03-03-2024 17:12
70,507,Politics,like,22-03-2024 12:16
66,804,Sports,bookmark,24-03-2024 10:16
72,702,Travel,like,22-03-2024 19:34
2,809,Sports,bookmark,24-03-2024 16:44
2,400,Movies,view,01-03-2024 01:26
72,805,Sports,bookmark,14-03-2024 03:41
26,800,Sports,view,13-03-2024 09:56
78,410,Movies,view,23-03-2024 01:15
51,200,Technology,like,03-03-2024 13:00
28,902,Business,view,01-03-2024 10:16
97,510,Politics,view,25-03-2024 11:25
44,405,Movies,comment,23-03-2024 05:03
20,404,Movies,comment,15-03-2024 19:06
99,403,Movies,comment,20-03-2024 17:55
46,806,Sports,share,17-03-2024 02:54
81,508,Politics,bookmark,10-03-2024 17:44
44,901,Business,bookmark,25-03-2024 10:50
68,205,Technology,comment,11-03-2024 04:30
9,109,Health,like,17-03-2024 18:00
84,506,Politics,comment,04-03-2024 02:28
47,402,Movies,bookmark,11-03-2024 17:08
65,400,Movies,comment,30-03-2024 21:47
21,611,Nature,like,28-03-2024 14:24
97,102,Health,bookmark,19-03-2024 02:47
99,308,Education,view,27-03-2024 19:47
6,900,Business,like,29-03-2024 11:18
86,907,Business,share,01-03-2024 06:42
25,206,Technology,comment,16-03-2024 13:36
3,702,Travel,bookmark,02-03-2024 08:44
72,301,Education,like,12-03-2024 17:32
76,409,Movies,share,25-03-2024 00:29
29,611,Nature,bookmark,24-03-2024 12:34
96,602,Nature,bookmark,16-03-2024 18:44
66,206,Technology,comment,13-03-2024 02:18
81,311,Education,like,14-03-2024 21:08
83,601,Nature,view,05-03-2024 19:09
15,503,Politics,bookmark,30-03-2024 00:38
22,401,Movies,like,18-03-2024 22:25
70,604,Nature,share,28-03-2024 17:58
34,409,Movies,view,23-03-2024 22:54
3,407,Movies,bookmark,12-03-2024 11:06
28,904,Business,comment,05-03-2024 08:15
20,402,Movies,comment,20-03-2024 16:32
16,509,Politics,view,29-03-2024 10:58
72,603,Nature,bookmark,30-03-2024 13:39
30,504,Politics,bookmark,04-03-2024 17:51
36,203,Technology,share,12-03-2024 11:06
98,208,Technology,share,11-03-2024 06:51
49,311,Education,comment,29-03-2024 09:13
50,910,Business,comment,05-03-2024 06:49
81,206,Technology,bookmark,21-03-2024 17:27
57,201,Technology,like,22-03-2024 03:14
64,204,Technology,share,03-03-2024 18:50
89,511,Politics,view,09-03-2024 16:14
59,800,Sports,view,02-03-2024 21:20
6,207,Technology,view,15-03-2024 16:54
52,806,Sports,comment,11-03-2024 14:50
62,311,Education,like,22-03-2024 07:57
84,310,Education,view,19-03-2024 01:09
18,307,Education,comment,02-03-2024 08:05
46,206,Technology,share,15-03-2024 12:27
97,806,Sports,share,23-03-2024 03:56
63,301,Education,like,20-03-2024 15:56
23,903,Business,comment,12-03-2024 19:43
98,108,Health,bookmark,05-03-2024 18:08
10,809,Sports,share,05-03-2024 03:53
6,303,Education,comment,16-03-2024 17:54
77,203,Technology,like,22-03-2024 02:27
62,604,Nature,share,08-03-2024 00:32
43,402,Movies,comment,09-03-2024 07:58
17,700,Travel,bookmark,29-03-2024 15:27
60,900,Business,bookmark,14-03-2024 20:37
18,910,Business,like,18-03-2024 16:24
69,503,Politics,share,21-03-2024 04:12
61,708,Travel,like,12-03-2024 10:56
26,502,Politics,bookmark,14-03-2024 11:32
15,505,Politics,like,29-03-2024 11:39
62,802,Sports,share,06-03-2024 17:51
54,401,Movies,share,02-03-2024 04:33
82,710,Travel,comment,02-03-2024 06:30
30,206,Technology,comment,07-03-2024 14:33
71,600,Nature,view,27-03-2024 03:23
29,807,Sports,comment,21-03-2024 03:22
75,610,Nature,view,06-03-2024 13:31
6,200,Technology,comment,20-03-2024 15:05
85,409,Movies,share,21-03-2024 17:38
56,903,Business,share,20-03-2024 22:57
51,311,Education,like,18-03-2024 04:43
87,201,Technology,share,18-03-2024 13:54
54,906,Business,share,10-03-2024 06:44
11,200,Technology,view,28-03-2024 21:06
44,103,Health,like,13-03-2024 20:22
60,906,Business,share,17-03-2024 22:42
31,308,Education,share,22-03-2024 17:26
60,208,Technology,bookmark,09-03-2024 13:08
15,309,Education,share,16-03-2024 12:24
49,808,Sports,bookmark,16-03-2024 18:37
57,101,Health,comment,10-03-2024 01:56
66,201,Technology,comment,29-03-2024 01:10
8,308,Education,share,03-03-2024 14:26
70,806,Sports,like,04-03-2024 19:12
16,208,Technology,share,24-03-2024 10:50
53,207,Technology,comment,25-03-2024 04:56
33,508,Politics,bookmark,20-03-2024 10:37
88,904,Business,bookmark,05-03-2024 03:04
79,107,Health,comment,10-03-2024 09:15
35,300,Education,share,04-03-2024 10:03
30,710,Travel,comment,07-03-2024 14:24
52,905,Business,comment,06-03-2024 08:08
90,809,Sports,bookmark,09-03-2024 14:08
54,405,Movies,bookmark,09-03-2024 16:35
5,103,Health,comment,22-03-2024 03:38
65,108,Health,bookmark,23-03-2024 05:00
27,508,Politics,share,17-03-2024 21:47
85,400,Movies,share,01-03-2024 16:56
6,703,Travel,view,08-03-2024 04:30
89,400,Movies,comment,18-03-2024 13:50
18,705,Travel,like,18-03-2024 03:58
69,305,Education,share,05-03-2024 10:25
57,201,Technology,bookmark,19-03-2024 16:49
33,909,Business,comment,18-03-2024 14:43
82,500,Politics,like,05-03-2024 10:39
73,904,Business,like,02-03-2024 22:53
74,805,Sports,like,28-03-2024 20:15
32,804,Sports,like,12-03-2024 17:50
95,401,Movies,share,25-03-2024 11:41
74,208,Technology,view,27-03-2024 21:05
49,106,Health,bookmark,21-03-2024 01:57
33,606,Nature,share,19-03-2024 12:12
15,110,Health,view,07-03-2024 06:34
62,506,Politics,share,06-03-2024 10:49
88,501,Politics,bookmark,07-03-2024 16:54
33,109,Health,share,19-03-2024 06:45
57,503,Politics,bookmark,09-03-2024 06:30
29,903,Business,comment,26-03-2024 02:58
44,807,Sports,share,21-03-2024 18:52
98,402,Movies,comment,24-03-2024 00:20
51,507,Politics,share,06-03-2024 21:01
47,811,Sports,comment,07-03-2024 13:13
73,709,Travel,comment,23-03-2024 05:33
38,811,Sports,comment,04-03-2024 09:05
3,200,Technology,like,05-03-2024 12:48
18,208,Technology,view,05-03-2024 19:38
16,901,Business,view,02-03-2024 11:50
68,804,Sports,comment,25-03-2024 19:20
86,208,Technology,like,16-03-2024 00:45
94,102,Health,like,22-03-2024 06:24
23,704,Travel,bookmark,26-03-2024 10:51
83,606,Nature,like,15-03-2024 16:34
8,106,Health,comment,30-03-2024 21:49
56,511,Politics,bookmark,25-03-2024 14:28
50,801,Sports,view,20-03-2024 08:19
27,905,Business,view,29-03-2024 00:22
5,905,Business,share,17-03-2024 09:31
90,600,Nature,comment,05-03-2024 20:46
27,808,Sports,share,14-03-2024 16:13
61,600,Nature,view,27-03-2024 00:06
84,808,Sports,like,30-03-2024 05:24
79,711,Travel,bookmark,10-03-2024 20:21
19,100,Health,share,21-03-2024 15:15
97,505,Politics,comment,13-03-2024 12:31
92,501,Politics,view,13-03-2024 14:55
37,404,Movies,view,24-03-2024 13:18
21,709,Travel,bookmark,26-03-2024 04:05
4,104,Health,view,09-03-2024 06:02
19,201,Technology,share,02-03-2024 02:15
78,206,Technology,view,03-03-2024 00:03
52,701,Travel,view,27-03-2024 20:42
50,403,Movies,bookmark,26-03-2024 03:21
32,704,Travel,like,24-03-2024 04:58
98,501,Politics,comment,07-03-2024 21:57
19,503,Politics,comment,15-03-2024 21:14
13,604,Nature,share,18-03-2024 19:44
92,101,Health,comment,14-03-2024 02:32
99,201,Technology,bookmark,01-03-2024 22:23
72,808,Sports,bookmark,07-03-2024 10:55
95,305,Education,view,17-03-2024 22:22
46,303,Education,view,23-03-2024 11:32
81,107,Health,share,02-03-2024 20:20
66,409,Movies,like,14-03-2024 06:37
89,501,Politics,view,17-03-2024 02:37
17,704,Travel,bookmark,07-03-2024 20:45
46,701,Travel,view,03-03-2024 19:10
92,901,Business,share,22-03-2024 10:01
38,102,Health,share,07-03-2024 12:48
51,208,Technology,view,28-03-2024 18:11
25,609,Nature,like,11-03-2024 20:53
49,608,Nature,comment,13-03-2024 15:48
77,901,Business,bookmark,06-03-2024 14:55
5,600,Nature,like,21-03-2024 15:16
52,600,Nature,share,20-03-2024 12:00
47,406,Movies,bookmark,26-03-2024 07:36
41,600,Nature,bookmark,09-03-2024 05:47
15,604,Nature,comment,30-03-2024 09:11
11,308,Education,share,10-03-2024 06:22
28,603,Nature,comment,09-03-2024 01:44
79,800,Sports,comment,30-03-2024 18:26
14,102,Health,like,12-03-2024 21:49
5,603,Nature,share,22-03-2024 08:42
87,402,Movies,share,14-03-2024 09:48
16,202,Technology,like,01-03-2024 15:50
30,303,Education,share,17-03-2024 00:09
79,304,Education,like,09-03-2024 07:29
43,603,Nature,share,04-03-2024 00:48
26,202,Technology,view,01-03-2024 00:14
76,410,Movies,share,19-03-2024 07:34
96,909,Business,view,25-03-2024 02:16
92,401,Movies,comment,11-03-2024 22:50
23,801,Sports,comment,10-03-2024 11:44
44,101,Health,comment,21-03-2024 19:45
85,902,Business,bookmark,21-03-2024 00:50
56,106,Health,comment,23-03-2024 17:29
3,509,Politics,view,24-03-2024 16:06
26,207,Technology,like,22-03-2024 18:55
1,401,Movies,like,06-03-2024 14:11
96,410,Movies,bookmark,27-03-2024 12:38
57,402,Movies,share,04-03-2024 13:37
71,810,Sports,comment,02-03-2024 11:24
83,401,Movies,share,12-03-2024 04:40
87,408,Movies,like,14-03-2024 00:02
63,410,Movies,view,03-03-2024 12:23
47,704,Travel,bookmark,22-03-2024 16:07
90,811,Sports,bookmark,03-03-2024 03:58
78,607,Nature,bookmark,07-03-2024 08:18
13,310,Education,comment,17-03-2024 20:12
63,301,Education,bookmark,02-03-2024 13:08
38,409,Movies,view,16-03-2024 17:37
84,305,Education,view,29-03-2024 05:32
32,800,Sports,bookmark,28-03-2024 04:11
29,711,Travel,like,19-03-2024 12:21
60,701,Travel,like,07-03-2024 09:37
84,109,Health,bookmark,06-03-2024 11:00
41,705,Travel,comment,10-03-2024 05:26
90,806,Sports,like,05-03-2024 13:14
30,707,Travel,bookmark,20-03-2024 07:18
29,207,Technology,view,28-03-2024 08:05
53,810,Sports,share,23-03-2024 22:08
43,409,Movies,like,25-03-2024 03:14
11,907,Business,comment,12-03-2024 19:09
85,801,Sports,share,14-03-2024 09:16
18,708,Travel,share,11-03-2024 18:46
1,111,Health,comment,05-03-2024 18:01
40,503,Politics,comment,08-03-2024 21:58
39,906,Business,bookmark,18-03-2024 03:23
99,704,Travel,view,05-03-2024 01:54
66,511,Politics,comment,22-03-2024 19:31
49,800,Sports,comment,04-03-2024 06:02
87,307,Education,share,16-03-2024 21:58
46,503,Politics,like,27-03-2024 07:20
50,103,Health,like,01-03-2024 02:06
23,105,Health,comment,28-03-2024 22:52
93,202,Technology,view,09-03-2024 09:43
66,203,Technology,comment,14-03-2024 09:56
86,502,Politics,view,21-03-2024 13:54
67,409,Movies,share,14-03-2024 20:12
33,201,Technology,bookmark,22-03-2024 05:12
51,704,Travel,share,15-03-2024 09:39
71,910,Business,bookmark,28-03-2024 05:30
36,401,Movies,share,20-03-2024 04:21
24,101,Health,comment,07-03-2024 03:02
83,800,Sports,comment,22-03-2024 06:19
90,904,Business,view,05-03-2024 16:17
80,810,Sports,comment,07-03-2024 13:43
28,208,Technology,like,15-03-2024 05:25
86,901,Business,comment,14-03-2024 21:37
2,501,Politics,like,11-03-2024 09:40
10,205,Technology,share,05-03-2024 22:14
82,104,Health,share,18-03-2024 14:42
12,907,Business,bookmark,20-03-2024 16:36
65,511,Politics,bookmark,12-03-2024 22:30
68,600,Nature,comment,27-03-2024 22:01
62,311,Education,comment,12-03-2024 20:26
55,301,Education,bookmark,17-03-2024 16:32
37,208,Technology,comment,17-03-2024 05:10
85,411,Movies,like,12-03-2024 21:36
20,406,Movies,share,04-03-2024 16:22
70,904,Business,view,01-03-2024 00:17
85,505,Politics,view,14-03-2024 19:21
63,904,Business,share,24-03-2024 10:04
69,810,Sports,view,25-03-2024 01:07
42,902,Business,view,11-03-2024 10:01
81,501,Politics,like,23-03-2024 18:07
17,605,Nature,share,10-03-2024 12:41
58,208,Technology,bookmark,15-03-2024 19:58
6,908,Business,share,08-03-2024 05:26
97,110,Health,comment,09-03-2024 12:21
23,105,Health,comment,18-03-2024 05:14
4,409,Movies,share,01-03-2024 05:27
9,604,Nature,view,30-03-2024 06:12
63,201,Technology,like,12-03-2024 20:17
93,309,Education,comment,19-03-2024 15:04
42,410,Movies,bookmark,17-03-2024 07:08
75,611,Nature,like,12-03-2024 09:42
93,303,Education,bookmark,13-03-2024 04:22
96,207,Technology,view,27-03-2024 21:43
12,411,Movies,bookmark,29-03-2024 09:56
35,500,Politics,bookmark,28-03-2024 12:17
92,208,Technology,comment,24-03-2024 20:55
50,207,Technology,view,16-03-2024 03:31
72,602,Nature,bookmark,27-03-2024 15:11
40,509,Politics,like,01-03-2024 10:15
59,208,Technology,share,26-03-2024 15:01
6,401,Movies,share,30-03-2024 16:29
74,200,Technology,comment,25-03-2024 04:29
89,301,Education,bookmark,01-03-2024 07:22
13,110,Health,like,03-03-2024 05:48
98,705,Travel,like,20-03-2024 07:14
60,709,Travel,bookmark,03-03-2024 03:10
79,705,Travel,bookmark,25-03-2024 12:22
16,901,Business,view,16-03-2024 10:54
5,806,Sports,share,15-03-2024 16:09
23,406,Movies,bookmark,02-03-2024 17:26
53,506,Politics,bookmark,09-03-2024 01:49
67,710,Travel,like,09-03-2024 21:54
72,811,Sports,comment,13-03-2024 18:14
73,103,Health,share,03-03-2024 08:10
6,303,Education,share,26-03-2024 06:28
40,803,Sports,share,22-03-2024 16:39
80,403,Movies,view,22-03-2024 22:56
80,810,Sports,share,19-03-2024 00:08
42,408,Movies,like,18-03-2024 02:54
90,706,Travel,bookmark,10-03-2024 03:13
23,310,Education,like,11-03-2024 12:21
90,404,Movies,view,01-03-2024 19:08
90,705,Travel,view,03-03-2024 19:10
20,602,Nature,like,21-03-2024 13:12
63,208,Technology,comment,06-03-2024 04:41
30,602,Nature,comment,21-03-2024 08:02
10,504,Politics,view,24-03-2024 18:24
12,204,Technology,comment,10-03-2024 10:26
27,711,Travel,like,19-03-2024 05:42
83,303,Education,view,16-03-2024 17:40
73,409,Movies,share,16-03-2024 17:48
2,509,Politics,comment,01-03-2024 09:32
47,805,Sports,comment,15-03-2024 22:35
56,300,Education,like,15-03-2024 00:32
11,103,Health,like,14-03-2024 21:22
75,809,Sports,like,11-03-2024 21:55
25,401,Movies,comment,20-03-2024 01:41
96,406,Movies,comment,04-03-2024 16:08
44,804,Sports,view,04-03-2024 22:21
92,310,Education,comment,16-03-2024 00:44
14,102,Health,view,01-03-2024 01:07
79,200,Technology,like,28-03-2024 22:26
56,703,Travel,share,22-03-2024 04:52
6,406,Movies,comment,22-03-2024 19:25
24,705,Travel,like,28-03-2024 09:57
43,410,Movies,share,23-03-2024 16:29
50,511,Politics,like,27-03-2024 09:48
76,109,Health,share,30-03-2024 20:43
57,900,Business,comment,11-03-2024 06:41
44,204,Technology,like,27-03-2024 22:16
25,109,Health,comment,21-03-2024 05:44
82,504,Politics,view,28-03-2024 10:45
22,308,Education,like,08-03-2024 13:44
95,301,Education,share,10-03-2024 05:02
19,607,Nature,like,17-03-2024 18:36
64,604,Nature,bookmark,07-03-2024 16:55
90,705,Travel,bookmark,30-03-2024 08:22
30,408,Movies,view,07-03-2024 19:58
38,810,Sports,like,24-03-2024 05:28
50,105,Health,like,24-03-2024 01:01
41,906,Business,share,27-03-2024 03:49
96,709,Travel,share,21-03-2024 14:06
12,607,Nature,share,12-03-2024 21:43
57,200,Technology,like,29-03-2024 18:29
64,102,Health,like,18-03-2024 01:11
15,608,Nature,bookmark,30-03-2024 22:45
33,106,Health,comment,24-03-2024 11:28
66,407,Movies,share,28-03-2024 22:26
66,600,Nature,comment,22-03-2024 03:46
37,407,Movies,comment,23-03-2024 13:38
26,506,Politics,view,08-03-2024 13:14
77,902,Business,like,28-03-2024 07:21
73,202,Technology,like,21-03-2024 07:24
51,911,Business,bookmark,16-03-2024 21:58
13,410,Movies,like,26-03-2024 19:37
25,701,Travel,view,17-03-2024 09:58
20,809,Sports,like,21-03-2024 07:01
68,400,Movies,share,12-03-2024 03:39
11,609,Nature,share,21-03-2024 21:16
8,907,Business,bookmark,13-03-2024 21:06
53,606,Nature,share,24-03-2024 09:38
93,903,Business,view,11-03-2024 16:30
15,700,Travel,like,25-03-2024 09:50
73,601,Nature,comment,09-03-2024 15:39
47,400,Movies,like,27-03-2024 01:11
36,402,Movies,view,20-03-2024 08:37
82,201,Technology,like,02-03-2024 00:13
24,207,Technology,like,05-03-2024 03:49
62,904,Business,share,30-03-2024 01:53
54,303,Education,view,11-03-2024 06:26
13,907,Business,share,10-03-2024 20:12
46,208,Technology,bookmark,06-03-2024 22:32
8,709,Travel,bookmark,01-03-2024 05:34
48,911,Business,view,25-03-2024 07:17
40,111,Health,view,25-03-2024 14:17
95,411,Movies,bookmark,21-03-2024 05:43
20,201,Technology,comment,02-03-2024 12:37
51,202,Technology,bookmark,21-03-2024 05:01
66,304,Education,like,13-03-2024 05:43
44,309,Education,bookmark,17-03-2024 14:42
83,804,Sports,bookmark,05-03-2024 02:00
79,111,Health,share,04-03-2024 18:14
90,807,Sports,view,26-03-2024 12:46
57,501,Politics,share,06-03-2024 12:48
73,708,Travel,share,07-03-2024 07:19
51,104,Health,share,10-03-2024 21:40
35,608,Nature,like,26-03-2024 00:22
91,700,Travel,view,12-03-2024 06:53
12,107,Health,bookmark,26-03-2024 12:28
12,200,Technology,like,02-03-2024 02:54
37,608,Nature,share,11-03-2024 13:45
50,204,Technology,like,23-03-2024 11:13
77,208,Technology,like,29-03-2024 13:01
82,102,Health,share,29-03-2024 21:37
96,911,Business,share,05-03-2024 06:50
75,500,Politics,like,26-03-2024 02:40
49,807,Sports,like,09-03-2024 02:47
75,406,Movies,view,27-03-2024 11:25
12,208,Technology,view,26-03-2024 06:15
94,505,Politics,share,27-03-2024 14:30
35,401,Movies,share,08-03-2024 13:23
75,909,Business,like,13-03-2024 10:58
77,607,Nature,comment,05-03-2024 22:14
40,503,Politics,view,02-03-2024 09:55
11,804,Sports,comment,08-03-2024 06:31
3,500,Politics,like,26-03-2024 19:10
76,810,Sports,bookmark,24-03-2024 06:08
47,603,Nature,bookmark,07-03-2024 08:28
52,202,Technology,bookmark,21-03-2024 03:08
42,800,Sports,bookmark,29-03-2024 10:41
92,505,Politics,like,15-03-2024 17:41
4,502,Politics,view,18-03-2024 10:04
17,302,Education,view,30-03-2024 00:38
64,207,Technology,comment,25-03-2024 03:13
65,207,Technology,share,30-03-2024 19:44
14,803,Sports,bookmark,12-03-2024 05:35
39,207,Technology,view,04-03-2024 02:58
5,811,Sports,like,18-03-2024 01:54
4,810,Sports,share,02-03-2024 19:11
20,910,Business,comment,30-03-2024 02:24
82,409,Movies,comment,24-03-2024 12:04
17,109,Health,view,30-03-2024 07:29
72,810,Sports,like,21-03-2024 20:22
25,605,Nature,like,24-03-2024 11:52
12,609,Nature,view,30-03-2024 12:46
23,602,Nature,view,02-03-2024 03:07
61,104,Health,view,27-03-2024 11:37
92,906,Business,view,13-03-2024 17:26
3,205,Technology,like,22-03-2024 15:53
9,707,Travel,like,23-03-2024 03:33
73,510,Politics,view,27-03-2024 16:44
90,810,Sports,like,30-03-2024 00:54
39,708,Travel,comment,05-03-2024 06:50
53,103,Health,like,26-03-2024 19:16
98,708,Travel,like,18-03-2024 13:12
89,604,Nature,share,11-03-2024 17:53
64,909,Business,like,23-03-2024 02:40
22,611,Nature,view,25-03-2024 02:58
5,101,Health,view,15-03-2024 08:52
32,309,Education,view,13-03-2024 18:27
76,807,Sports,bookmark,27-03-2024 18:23
38,505,Politics,like,08-03-2024 10:02
8,302,Education,share,22-03-2024 12:38
23,511,Politics,view,12-03-2024 22:39
43,105,Health,view,14-03-2024 01:41
60,905,Business,bookmark,25-03-2024 21:55
96,208,Technology,comment,24-03-2024 14:29
55,904,Business,bookmark,30-03-2024 11:39
74,105,Health,view,02-03-2024 21:48
52,801,Sports,view,19-03-2024 22:30
83,708,Travel,like,16-03-2024 08:36
24,907,Business,comment,13-03-2024 19:15
84,608,Nature,view,23-03-2024 18:41
26,206,Technology,share,28-03-2024 00:00
58,110,Health,view,24-03-2024 17:01
70,605,Nature,bookmark,11-03-2024 10:35
90,404,Movies,bookmark,03-03-2024 01:09
46,711,Travel,like,23-03-2024 10:48
89,603,Nature,view,21-03-2024 03:46
52,907,Business,view,12-03-2024 04:13
60,810,Sports,like,04-03-2024 21:15
45,911,Business,view,19-03-2024 14:09
27,911,Business,comment,08-03-2024 18:02
44,707,Travel,like,14-03-2024 09:04
33,902,Business,like,29-03-2024 12:14
31,404,Movies,comment,16-03-2024 12:20
15,504,Politics,share,26-03-2024 10:18
72,501,Politics,view,23-03-2024 20:43
97,305,Education,view,22-03-2024 14:42
62,706,Travel,share,19-03-2024 02:07
2,305,Education,bookmark,17-03-2024 18:13
48,110,Health,like,02-03-2024 19:52
44,201,Technology,like,01-03-2024 03:54
91,208,Technology,bookmark,05-03-2024 16:48
16,403,Movies,comment,30-03-2024 03:05
69,311,Education,bookmark,28-03-2024 10:52
75,403,Movies,comment,15-03-2024 06:12
86,108,Health,like,02-03-2024 03:08
40,510,Politics,view,05-03-2024 11:17
95,900,Business,comment,09-03-2024 02:03
87,400,Movies,like,02-03-2024 19:03
1,903,Business,like,14-03-2024 07:51
82,110,Health,comment,17-03-2024 05:22
59,901,Business,share,21-03-2024 13:26
13,700,Travel,comment,19-03-2024 06:05
92,705,Travel,like,18-03-2024 06:09
44,303,Education,view,08-03-2024 12:56
55,603,Nature,bookmark,30-03-2024 08:32
48,810,Sports,share,19-03-2024 16:21
23,700,Travel,like,12-03-2024 10:05
32,508,Politics,view,19-03-2024 03:24
35,509,Politics,share,12-03-2024 12:41
99,302,Education,view,04-03-2024 19:48
43,903,Business,like,03-03-2024 06:49
69,503,Politics,view,16-03-2024 11:42
63,502,Politics,like,22-03-2024 21:16
37,901,Business,view,09-03-2024 07:48
84,103,Health,view,22-03-2024 00:37
45,903,Business,share,16-03-2024 11:35
82,511,Politics,bookmark,03-03-2024 00:33
71,910,Business,share,12-03-2024 22:19
7,501,Politics,comment,09-03-2024 06:53
49,604,Nature,comment,09-03-2024 02:28
10,608,Nature,like,01-03-2024 07:15
29,800,Sports,view,12-03-2024 17:30
78,701,Travel,share,13-03-2024 21:17
57,204,Technology,view,14-03-2024 02:48
10,610,Nature,bookmark,28-03-2024 08:36
86,205,Technology,view,21-03-2024 04:26
67,603,Nature,like,24-03-2024 05:50
10,801,Sports,share,13-03-2024 02:10
37,800,Sports,comment,21-03-2024 15:43
29,706,Travel,bookmark,14-03-2024 10:23
65,603,Nature,view,29-03-2024 14:11
75,106,Health,bookmark,22-03-2024 10:01
14,507,Politics,bookmark,04-03-2024 19:57
3,604,Nature,bookmark,05-03-2024 17:33
38,903,Business,bookmark,29-03-2024 04:08
72,807,Sports,share,04-03-2024 03:15
88,903,Business,bookmark,21-03-2024 08:17
95,208,Technology,bookmark,02-03-2024 18:03
82,611,Nature,share,26-03-2024 21:56
4,504,Politics,like,20-03-2024 20:45
99,201,Technology,comment,23-03-2024 16:14
81,908,Business,comment,26-03-2024 13:03
83,402,Movies,bookmark,26-03-2024 17:12
51,703,Travel,bookmark,30-03-2024 14:45
62,100,Health,comment,26-03-2024 05:44
83,608,Nature,view,09-03-2024 14:57
29,805,Sports,view,17-03-2024 00:02
36,910,Business,bookmark,30-03-2024 09:11
54,110,Health,comment,23-03-2024 01:47
27,202,Technology,view,21-03-2024 09:22
43,108,Health,view,28-03-2024 09:19
47,308,Education,comment,24-03-2024 20:24
70,106,Health,view,21-03-2024 18:06
29,706,Travel,comment,20-03-2024 03:16
44,404,Movies,share,02-03-2024 05:13
84,410,Movies,bookmark,12-03-2024 11:43
63,103,Health,comment,06-03-2024 10:18
75,710,Travel,like,03-03-2024 16:00
75,706,Travel,comment,14-03-2024 16:22
10,609,Nature,share,02-03-2024 00:42
92,101,Health,like,10-03-2024 08:57
76,507,Politics,view,27-03-2024 02:14
97,310,Education,like,23-03-2024 21:02
39,700,Travel,like,23-03-2024 08:47
32,201,Technology,view,17-03-2024 03:45
23,101,Health,like,28-03-2024 02:57
92,600,Nature,view,08-03-2024 10:29
58,701,Travel,like,08-03-2024 16:07
22,105,Health,view,02-03-2024 13:13
98,708,Travel,comment,01-03-2024 09:44
62,700,Travel,share,20-03-2024 03:57
42,207,Technology,share,08-03-2024 21:01
42,605,Nature,like,18-03-2024 22:34
24,100,Health,share,11-03-2024 05:02
53,205,Technology,share,12-03-2024 11:05
24,704,Travel,like,11-03-2024 20:04
73,909,Business,view,14-03-2024 00:52
42,611,Nature,bookmark,17-03-2024 19:22
61,608,Nature,comment,05-03-2024 21:35
48,202,Technology,share,13-03-2024 00:27
16,905,Business,like,30-03-2024 13:30
37,707,Travel,view,19-03-2024 11:32
66,304,Education,like,23-03-2024 18:11
95,700,Travel,bookmark,19-03-2024 17:48
43,403,Movies,share,29-03-2024 11:18
1,703,Travel,bookmark,22-03-2024 03:29
84,207,Technology,view,02-03-2024 13:56
7,403,Movies,comment,11-03-2024 11:19
94,409,Movies,share,20-03-2024 18:35
68,201,Technology,view,14-03-2024 06:47
32,106,Health,like,03-03-2024 03:58
30,911,Business,like,04-03-2024 20:38
17,901,Business,comment,17-03-2024 13:47
68,904,Business,comment,12-03-2024 01:29
27,409,Movies,share,19-03-2024 10:45
7,508,Politics,view,25-03-2024 16:20
12,409,Movies,view,03-03-2024 17:10
82,107,Health,comment,29-03-2024 19:37
56,200,Technology,bookmark,10-03-2024 04:15
44,901,Business,comment,24-03-2024 12:12
68,611,Nature,comment,03-03-2024 08:52
21,410,Movies,like,28-03-2024 02:17
92,103,Health,comment,09-03-2024 02:30
93,605,Nature,bookmark,09-03-2024 14:25
15,203,Technology,like,14-03-2024 09:22
15,610,Nature,like,05-03-2024 04:17
81,200,Technology,bookmark,05-03-2024 00:22
64,411,Movies,bookmark,05-03-2024 01:11
44,511,Politics,like,29-03-2024 20:54
28,609,Nature,like,05-03-2024 18:44
88,705,Travel,like,08-03-2024 02:12
21,411,Movies,bookmark,16-03-2024 02:33
24,202,Technology,view,28-03-2024 17:48
35,500,Politics,share,04-03-2024 14:10
33,205,Technology,share,18-03-2024 21:42
66,301,Education,comment,16-03-2024 16:40
23,903,Business,bookmark,08-03-2024 10:31
22,407,Movies,like,16-03-2024 17:54
58,505,Politics,view,28-03-2024 16:24
69,711,Travel,comment,23-03-2024 12:10
46,307,Education,comment,07-03-2024 21:57
40,306,Education,like,24-03-2024 00:06
25,310,Education,bookmark,16-03-2024 20:58
87,109,Health,share,17-03-2024 19:28
18,511,Politics,view,17-03-2024 19:07
53,801,Sports,like,15-03-2024 05:01
91,703,Travel,view,01-03-2024 03:05
9,700,Travel,bookmark,12-03-2024 07:48
6,205,Technology,bookmark,03-03-2024 19:17
98,804,Sports,comment,02-03-2024 15:11
87,208,Technology,like,24-03-2024 12:51
83,304,Education,comment,16-03-2024 01:28
11,208,Technology,comment,21-03-2024 11:22
63,103,Health,view,22-03-2024 14:04
30,302,Education,like,07-03-2024 13:33
12,204,Technology,like,08-03-2024 04:04
31,809,Sports,bookmark,21-03-2024 06:57
72,806,Sports,share,11-03-2024 20:09
59,703,Travel,like,21-03-2024 21:41
95,900,Business,comment,07-03-2024 08:39
43,504,Politics,like,23-03-2024 18:16
86,104,Health,share,29-03-2024 15:38
72,302,Education,view,10-03-2024 20:13
26,409,Movies,bookmark,08-03-2024 22:43
55,906,Business,bookmark,27-03-2024 11:54
84,307,Education,like,11-03-2024 17:58
26,205,Technology,view,19-03-2024 22:01
46,508,Politics,like,06-03-2024 18:26
4,903,Business,bookmark,17-03-2024 10:36
85,705,Travel,view,13-03-2024 11:34
84,411,Movies,like,02-03-2024 13:16
38,703,Travel,bookmark,06-03-2024 00:03
34,208,Technology,like,20-03-2024 18:11
61,303,Education,comment,06-03-2024 05:32
90,607,Nature,share,09-03-2024 12:35
8,303,Education,comment,28-03-2024 05:05
61,409,Movies,view,09-03-2024 18:24
38,607,Nature,comment,11-03-2024 10:11
85,101,Health,bookmark,20-03-2024 02:52
99,811,Sports,bookmark,26-03-2024 09:37
17,906,Business,like,04-03-2024 05:46
46,406,Movies,comment,04-03-2024 11:38
40,200,Technology,view,19-03-2024 15:54
34,400,Movies,share,27-03-2024 10:12
98,509,Politics,comment,17-03-2024 03:30
66,403,Movies,view,14-03-2024 00:10
74,711,Travel,comment,05-03-2024 00:12
88,206,Technology,comment,19-03-2024 21:47
69,206,Technology,like,12-03-2024 08:11
25,109,Health,bookmark,01-03-2024 15:39
7,704,Travel,share,22-03-2024 14:50
98,905,Business,share,28-03-2024 13:16
61,404,Movies,comment,28-03-2024 14:07
89,504,Politics,like,20-03-2024 06:51
62,611,Nature,comment,20-03-2024 05:25
60,808,Sports,comment,23-03-2024 04:30
75,609,Nature,view,25-03-2024 06:04
30,402,Movies,like,02-03-2024 09:44
29,200,Technology,view,17-03-2024 04:04
25,801,Sports,comment,01-03-2024 22:12
4,504,Politics,share,19-03-2024 03:14
83,107,Health,comment,14-03-2024 13:21
22,305,Education,share,07-03-2024 09:51
7,704,Travel,view,10-03-2024 16:53
85,401,Movies,comment,04-03-2024 13:55
22,109,Health,comment,15-03-2024 07:57
28,306,Education,view,26-03-2024 06:57
27,800,Sports,share,16-03-2024 06:00
90,208,Technology,view,05-03-2024 03:54
65,808,Sports,comment,09-03-2024 03:10
4,507,Politics,like,06-03-2024 12:30
54,708,Travel,comment,21-03-2024 09:03
38,901,Business,view,12-03-2024 18:57
8,204,Technology,comment,16-03-2024 14:49
81,110,Health,share,12-03-2024 00:45
76,711,Travel,share,20-03-2024 19:48
12,305,Education,comment,27-03-2024 08:40
3,802,Sports,like,30-03-2024 13:20
55,308,Education,view,24-03-2024 17:55
6,700,Travel,view,02-03-2024 18:36
18,303,Education,like,08-03-2024 09:30
79,205,Technology,view,03-03-2024 03:36
6,610,Nature,bookmark,24-03-2024 19:08
79,301,Education,view,19-03-2024 11:02
82,905,Business,like,08-03-2024 20:50
31,310,Education,bookmark,08-03-2024 19:56
99,301,Education,like,25-03-2024 16:10
4,111,Health,view,23-03-2024 16:00
1,707,Travel,view,04-03-2024 07:15
94,401,Movies,bookmark,01-03-2024 10:40
45,908,Business,share,12-03-2024 09:47
45,600,Nature,like,06-03-2024 12:20
62,204,Technology,comment,11-03-2024 00:30
1,201,Technology,like,26-03-2024 09:20
18,500,Politics,bookmark,13-03-2024 10:07
30,409,Movies,like,12-03-2024 05:06
92,810,Sports,share,10-03-2024 10:27
35,711,Travel,like,13-03-2024 04:56
60,404,Movies,like,05-03-2024 11:48
22,203,Technology,like,05-03-2024 11:37
64,901,Business,comment,06-03-2024 08:14
95,207,Technology,share,23-03-2024 11:11
18,709,Travel,bookmark,05-03-2024 22:09
39,903,Business,share,16-03-2024 20:39
80,904,Business,like,01-03-2024 05:15
2,902,Business,bookmark,22-03-2024 18:57
16,109,Health,share,22-03-2024 22:09
87,607,Nature,share,23-03-2024 09:17
18,701,Travel,comment,17-03-2024 21:43
54,706,Travel,comment,19-03-2024 01:21
23,204,Technology,share,11-03-2024 17:15
78,508,Politics,bookmark,17-03-2024 04:20
48,603,Nature,like,21-03-2024 20:58
67,402,Movies,like,04-03-2024 06:43
12,508,Politics,comment,20-03-2024 12:52
10,401,Movies,like,03-03-2024 11:01
41,700,Travel,bookmark,30-03-2024 05:34
55,404,Movies,view,25-03-2024 09:08
52,606,Nature,comment,25-03-2024 10:57
48,710,Travel,like,14-03-2024 10:31
5,703,Travel,share,17-03-2024 08:13
11,405,Movies,view,03-03-2024 18:22
7,205,Technology,bookmark,13-03-2024 21:57
45,803,Sports,bookmark,18-03-2024 05:15
73,102,Health,comment,26-03-2024 14:24
9,604,Nature,view,20-03-2024 04:39
73,900,Business,like,01-03-2024 00:39
19,207,Technology,comment,12-03-2024 10:56
3,101,Health,view,30-03-2024 09:11
70,807,Sports,bookmark,21-03-2024 01:11
94,705,Travel,share,06-03-2024 13:03
30,110,Health,bookmark,01-03-2024 00:04
28,702,Travel,share,13-03-2024 04:36
18,309,Education,comment,02-03-2024 01:57
59,304,Education,view,28-03-2024 22:43
12,610,Nature,comment,24-03-2024 11:26
50,705,Travel,comment,22-03-2024 08:22
73,305,Education,like,04-03-2024 14:11
89,606,Nature,bookmark,21-03-2024 15:02
4,711,Travel,bookmark,19-03-2024 09:30
12,208,Technology,share,24-03-2024 22:49
58,205,Technology,view,25-03-2024 07:54
51,402,Movies,comment,11-03-2024 06:04
16,100,Health,share,21-03-2024 16:13
58,400,Movies,like,18-03-2024 00:07
4,205,Technology,like,15-03-2024 01:31
61,701,Travel,like,03-03-2024 13:58
40,506,Politics,bookmark,14-03-2024 16:07
86,501,Politics,like,23-03-2024 19:25
30,101,Health,view,24-03-2024 06:30
54,102,Health,comment,12-03-2024 17:23
68,810,Sports,like,21-03-2024 07:00
57,302,Education,comment,15-03-2024 14:10
76,401,Movies,share,07-03-2024 19:03
80,704,Travel,bookmark,29-03-2024 03:37
46,411,Movies,like,06-03-2024 07:08
91,404,Movies,view,18-03-2024 12:48
80,305,Education,like,05-03-2024 05:11
98,710,Travel,like,20-03-2024 00:54
12,204,Technology,share,17-03-2024 09:48
6,111,Health,view,14-03-2024 06:22
31,700,Travel,like,03-03-2024 01:58
59,608,Nature,view,16-03-2024 21:33
69,902,Business,bookmark,02-03-2024 01:42
60,904,Business,view,02-03-2024 14:18
33,305,Education,share,26-03-2024 13:23
38,908,Business,view,17-03-2024 07:34
44,506,Politics,view,11-03-2024 10:34
61,204,Technology,bookmark,03-03-2024 04:28
46,506,Politics,bookmark,30-03-2024 11:40
30,402,Movies,comment,16-03-2024 16:58
28,606,Nature,view,21-03-2024 09:37
28,303,Education,like,04-03-2024 05:50
30,808,Sports,bookmark,06-03-2024 17:47
73,206,Technology,bookmark,19-03-2024 06:48
76,905,Business,share,26-03-2024 21:35
98,502,Politics,view,18-03-2024 14:40
79,204,Technology,view,06-03-2024 06:28
39,907,Business,view,27-03-2024 01:38
12,305,Education,share,22-03-2024 20:10
75,301,Education,like,06-03-2024 06:56
90,502,Politics,like,02-03-2024 16:42
33,203,Technology,like,14-03-2024 04:34
51,800,Sports,comment,04-03-2024 16:15
41,606,Nature,share,10-03-2024 08:48
71,410,Movies,share,04-03-2024 19:12
31,205,Technology,comment,07-03-2024 19:54
23,505,Politics,view,03-03-2024 00:09
76,901,Business,like,18-03-2024 21:07
36,107,Health,bookmark,18-03-2024 11:20
85,503,Politics,like,25-03-2024 18:11
69,300,Education,share,16-03-2024 15:54
64,402,Movies,comment,20-03-2024 06:19
5,409,Movies,comment,02-03-2024 15:20
50,202,Technology,share,22-03-2024 15:45
30,709,Travel,share,11-03-2024 07:34
64,705,Travel,comment,14-03-2024 15:47
62,207,Technology,share,24-03-2024 06:27
92,609,Nature,like,04-03-2024 17:06
84,306,Education,comment,19-03-2024 15:04
91,804,Sports,comment,07-03-2024 07:01
27,203,Technology,bookmark,22-03-2024 04:36
74,502,Politics,like,13-03-2024 11:47
51,700,Travel,like,21-03-2024 11:22
96,305,Education,view,04-03-2024 12:03
95,610,Nature,bookmark,18-03-2024 22:02
18,605,Nature,share,06-03-2024 18:56
72,500,Politics,comment,22-03-2024 03:39
57,804,Sports,bookmark,05-03-2024 12:52
36,402,Movies,view,18-03-2024 00:18
74,811,Sports,view,25-03-2024 03:06
93,301,Education,like,29-03-2024 18:16
48,106,Health,comment,26-03-2024 04:48
49,500,Politics,view,10-03-2024 16:01
72,909,Business,share,21-03-2024 14:27
68,202,Technology,like,14-03-2024 22:50
72,207,Technology,bookmark,14-03-2024 12:26
63,101,Health,comment,21-03-2024 14:19
73,904,Business,like,08-03-2024 17:21
38,205,Technology,bookmark,01-03-2024 06:07
6,509,Politics,view,28-03-2024 08:46
98,908,Business,view,23-03-2024 13:45
56,303,Education,like,16-03-2024 02:47
93,301,Education,view,26-03-2024 08:39
47,708,Travel,like,14-03-2024 20:13
39,905,Business,share,08-03-2024 13:00
50,901,Business,view,04-03-2024 14:03
9,804,Sports,comment,14-03-2024 13:09
66,704,Travel,view,24-03-2024 08:45
67,310,Education,comment,16-03-2024 16:37
63,107,Health,like,07-03-2024 13:53
17,200,Technology,comment,26-03-2024 02:44
62,201,Technology,view,08-03-2024 06:43
67,301,Education,bookmark,10-03-2024 10:07
12,205,Technology,like,12-03-2024 15:31
32,605,Nature,comment,04-03-2024 03:38
11,808,Sports,view,26-03-2024 09:46
21,707,Travel,view,08-03-2024 19:33
15,907,Business,share,15-03-2024 07:37
53,610,Nature,share,17-03-2024 09:54
72,708,Travel,bookmark,29-03-2024 11:26
30,109,Health,like,29-03-2024 06:23
6,911,Business,share,18-03-2024 14:40
15,611,Nature,bookmark,04-03-2024 19:17
80,409,Movies,comment,19-03-2024 18:29
52,901,Business,like,13-03-2024 21:46
33,304,Education,like,06-03-2024 10:04
24,404,Movies,share,11-03-2024 07:25
92,705,Travel,like,08-03-2024 14:44
7,505,Politics,bookmark,18-03-2024 03:29
74,110,Health,like,23-03-2024 13:35
66,602,Nature,view,02-03-2024 20:22
76,201,Technology,bookmark,19-03-2024 14:26
88,207,Technology,bookmark,25-03-2024 02:43
71,309,Education,like,12-03-2024 12:46
41,105,Health,like,19-03-2024 02:48
61,610,Nature,share,02-03-2024 18:00
37,311,Education,view,18-03-2024 15:14
13,506,Politics,share,18-03-2024 10:50
36,703,Travel,like,29-03-2024 13:10
63,608,Nature,view,17-03-2024 12:42
70,309,Education,comment,05-03-2024 08:10
63,403,Movies,share,05-03-2024 22:54
59,300,Education,like,24-03-2024 20:26
77,410,Movies,bookmark,15-03-2024 11:48
19,410,Movies,bookmark,23-03-2024 00:11
1,511,Politics,like,13-03-2024 01:08
2,600,Nature,comment,07-03-2024 03:13
85,104,Health,comment,29-03-2024 10:25
78,611,Nature,view,28-03-2024 18:22
91,502,Politics,bookmark,11-03-2024 10:57
22,807,Sports,comment,24-03-2024 11:57
79,600,Nature,share,15-03-2024 03:06
14,401,Movies,comment,04-03-2024 04:16
68,109,Health,share,17-03-2024 03:57
18,602,Nature,bookmark,29-03-2024 18:42
6,500,Politics,share,08-03-2024 09:47
27,400,Movies,like,11-03-2024 22:31
64,608,Nature,share,05-03-2024 12:14
28,206,Technology,like,06-03-2024 13:27
42,804,Sports,comment,28-03-2024 16:55
14,407,Movies,like,16-03-2024 21:49
46,411,Movies,bookmark,30-03-2024 13:50
49,610,Nature,bookmark,11-03-2024 17:42
57,500,Politics,share,18-03-2024 10:33
59,106,Health,bookmark,05-03-2024 01:23
18,207,Technology,view,24-03-2024 10:55
87,205,Technology,share,23-03-2024 02:35
96,703,Travel,view,25-03-2024 09:34
90,201,Technology,bookmark,01-03-2024 09:49
93,710,Travel,comment,24-03-2024 00:58
78,910,Business,comment,06-03-2024 17:35
8,511,Politics,bookmark,15-03-2024 20:52
27,503,Politics,comment,03-03-2024 18:43
18,308,Education,comment,15-03-2024 16:28
69,206,Technology,bookmark,09-03-2024 15:57
44,407,Movies,bookmark,08-03-2024 17:50
48,302,Education,view,29-03-2024 08:12
95,908,Business,like,22-03-2024 20:58
93,405,Movies,view,22-03-2024 21:30
73,411,Movies,share,04-03-2024 22:13
59,401,Movies,share,17-03-2024 11:55
28,905,Business,comment,03-03-2024 20:29
7,405,Movies,share,03-03-2024 21:53
8,710,Travel,comment,08-03-2024 02:47
54,703,Travel,bookmark,17-03-2024 16:45
27,410,Movies,like,04-03-2024 01:41
76,509,Politics,bookmark,27-03-2024 16:57
38,803,Sports,bookmark,25-03-2024 10:42
94,801,Sports,bookmark,15-03-2024 00:45
50,409,Movies,comment,08-03-2024 12:53
21,107,Health,comment,28-03-2024 13:33
94,910,Business,like,24-03-2024 05:18
57,302,Education,bookmark,16-03-2024 03:07
62,300,Education,like,22-03-2024 11:33
56,602,Nature,comment,09-03-2024 04:44
93,904,Business,bookmark,25-03-2024 10:28
24,109,Health,like,21-03-2024 00:14
58,400,Movies,share,12-03-2024 08:09
10,603,Nature,bookmark,19-03-2024 14:35
1,401,Movies,share,03-03-2024 10:29
20,106,Health,share,09-03-2024 09:32
72,902,Business,view,06-03-2024 04:25
51,407,Movies,bookmark,11-03-2024 02:01
39,104,Health,like,28-03-2024 09:14
68,401,Movies,like,01-03-2024 15:09
31,409,Movies,like,24-03-2024 00:13
38,611,Nature,share,17-03-2024 03:38
57,205,Technology,bookmark,22-03-2024 11:45
6,611,Nature,view,17-03-2024 14:49
60,202,Technology,comment,05-03-2024 05:27
81,803,Sports,view,02-03-2024 02:01
91,601,Nature,like,02-03-2024 04:36
62,711,Travel,view,03-03-2024 05:37
32,807,Sports,share,04-03-2024 14:56
71,711,Travel,like,11-03-2024 20:08
90,909,Business,view,20-03-2024 22:10
76,700,Travel,view,17-03-2024 22:56
18,200,Technology,comment,16-03-2024 07:29
32,907,Business,like,09-03-2024 00:12
32,601,Nature,comment,06-03-2024 22:48
85,201,Technology,like,23-03-2024 10:41
91,905,Business,comment,03-03-2024 07:25
40,707,Travel,view,27-03-2024 12:43
51,501,Politics,share,19-03-2024 11:44
75,207,Technology,comment,20-03-2024 21:26
39,505,Politics,like,23-03-2024 11:56
69,909,Business,bookmark,25-03-2024 07:22
40,510,Politics,bookmark,11-03-2024 12:53
80,807,Sports,comment,05-03-2024 01:42
14,901,Business,view,12-03-2024 02:08
36,606,Nature,comment,03-03-2024 12:33
12,806,Sports,share,12-03-2024 04:57
76,203,Technology,like,22-03-2024 21:06
55,705,Travel,bookmark,08-03-2024 03:20
37,703,Travel,like,20-03-2024 10:21
83,302,Education,like,30-03-2024 00:57
76,101,Health,comment,03-03-2024 04:50
52,911,Business,view,21-03-2024 14:14
35,706,Travel,like,29-03-2024 22:37
59,505,Politics,view,20-03-2024 13:18
81,802,Sports,share,29-03-2024 01:15
29,300,Education,share,06-03-2024 10:53
10,501,Politics,view,17-03-2024 04:22
9,903,Business,comment,14-03-2024 07:10
18,904,Business,comment,12-03-2024 16:00
93,410,Movies,comment,04-03-2024 12:49
26,400,Movies,bookmark,01-03-2024 18:55
95,111,Health,share,25-03-2024 13:17
60,510,Politics,share,26-03-2024 22:47
95,700,Travel,like,30-03-2024 16:08
60,302,Education,view,21-03-2024 15:54
59,807,Sports,bookmark,02-03-2024 11:58
19,502,Politics,bookmark,02-03-2024 10:58
13,710,Travel,like,04-03-2024 11:42
2,111,Health,view,08-03-2024 05:14
28,306,Education,comment,25-03-2024 20:42
11,905,Business,like,06-03-2024 15:35
68,101,Health,comment,16-03-2024 00:15
62,804,Sports,comment,07-03-2024 22:54
17,900,Business,comment,14-03-2024 03:08
28,701,Travel,comment,21-03-2024 04:37
7,400,Movies,share,29-03-2024 13:49
1,700,Travel,like,18-03-2024 13:29
8,503,Politics,bookmark,16-03-2024 14:43
26,604,Nature,view,29-03-2024 17:36
68,711,Travel,share,17-03-2024 21:50
60,911,Business,like,05-03-2024 11:12
37,205,Technology,comment,16-03-2024 10:31
45,607,Nature,share,15-03-2024 11:28
86,504,Politics,view,27-03-2024 19:03
73,410,Movies,comment,06-03-2024 03:40
39,902,Business,like,15-03-2024 21:14
43,810,Sports,share,09-03-2024 04:09
98,411,Movies,comment,28-03-2024 20:23
37,104,Health,share,19-03-2024 16:45
69,700,Travel,comment,19-03-2024 07:24
92,704,Travel,comment,30-03-2024 02:52
14,801,Sports,comment,19-03-2024 09:07
14,202,Technology,share,19-03-2024 07:04
42,206,Technology,bookmark,24-03-2024 15:27
73,100,Health,view,12-03-2024 07:01
7,506,Politics,share,14-03-2024 22:21
95,100,Health,like,22-03-2024 08:27
13,602,Nature,view,29-03-2024 15:20
99,902,Business,view,02-03-2024 20:31
4,305,Education,comment,14-03-2024 13:05
17,108,Health,like,18-03-2024 10:56
6,701,Travel,share,11-03-2024 10:49
41,602,Nature,comment,25-03-2024 10:40
56,402,Movies,like,15-03-2024 00:51
30,907,Business,like,18-03-2024 04:52
54,200,Technology,view,27-03-2024 08:22
23,203,Technology,like,07-03-2024 16:06
24,310,Education,bookmark,17-03-2024 06:45
37,208,Technology,like,30-03-2024 07:52
